,Apply,Category,Company,Duration,Link,Location,Posted,Profile,Start,Stipend
0,25 Jan'20,Animation,Viacom India LLP,6 Months,https://internshala.com/internship/detail/after-effects-artist-for-motion-graphics-videos-animation-internship-in-delhi-gurgaon-at-viacom-india-llp1577197908,Delhi,26 Dec'19,After Effects Artist For Motion Graphics Videos & Animation,Immediately,4000-8000 /Month
1,31 Jan'20,Animation,ReArk Digital Preservation Private Limited,1 Month,https://internshala.com/internship/detail/cinema-4d-development-part-time-job-internship-at-mumbai-in-reark-digital-preservation-private-limited1579264346,Mumbai,17 Jan'20,Cinema 4D Development,Immediately,5000 /Month
2,31 Jan'20,Animation,Westvindh,3 Months,https://internshala.com/internship/detail/animation-internship-in-gurgaon-at-westvindh1579256176,Gurgaon,17 Jan'20,Animation,Immediately,20000 /Month
3,31 Jan'20,Animation,Cook With Parul,6 Months,https://internshala.com/internship/detail/2d-animation-internship-in-bangalore-at-cook-with-parul1579234222,Bangalore,17 Jan'20,2D Animation,Immediately,8000-16000 /Month
4,31 Jan'20,Animation,Cook With Parul,6 Months,https://internshala.com/internship/detail/2d-3d-video-animation-part-time-job-internship-at-bangalore-in-cook-with-parul1579234210,Bangalore,17 Jan'20,2D & 3D Video Animation,Immediately,8000-11000 /Month
5,30 Jan'20,Animation,FourTimeNine Multimedia Productions Private Limited,3 Months,https://internshala.com/internship/detail/3d-animation-internship-in-delhi-at-fourtimenine-multimedia-productions-private-limited1579165081,Delhi,16 Jan'20,3D Animation,Immediately,3000 /Month
6,31 Jan'20,Animation,Image Creative Education Private Limited,1 Month,https://internshala.com/internship/detail/animated-video-making-work-from-home-job-internship-at-image-creative-education-private-limited1579162695,Work From Home,16 Jan'20,Animated Video Making,Immediately,2000 /Month
7,30 Jan'20,Animation,Arcanheim Interactive,6 Months,https://internshala.com/internship/detail/animation-2d-games-internship-in-pune-at-arcanheim-interactive1579153024,Pune,16 Jan'20,Animation (2D Games),Immediately,8000-12000 /Month
8,29 Jan'20,Animation,Foonix,6 Months,https://internshala.com/internship/detail/graphic-design-and-3d-animator-internship-in-chennai-at-foonix1579109603,Chennai,15 Jan'20,Graphic Design And 3D Animator,Immediately,2000 /Month
9,29 Jan'20,Animation,Augray Private Limited,3 Months,https://internshala.com/internship/detail/3d-animation-internship-in-chennai-at-augray-private-limited1579100767,Chennai,15 Jan'20,3D Animation,Immediately,5000 /Month
10,29 Jan'20,Animation,ApniClass,3 Months,https://internshala.com/internship/detail/animation-and-graphic-design-internship-in-udaipur-at-apniclass1579094567,Udaipur,15 Jan'20,Animation And Graphic Design,Immediately,15000-20000 /Month
11,29 Jan'20,Animation,Fountainhead Prep,1 Month,https://internshala.com/internship/detail/animation-adobe-after-effects-internship-in-bangalore-at-fountainhead-prep1579045705,Bangalore,15 Jan'20,Animation (Adobe After Effects),Immediately,5000 /Month
12,29 Jan'20,Animation,EverythingTech,6 Months,https://internshala.com/internship/detail/2d-animation-internship-in-pune-delhi-at-everythingtech1578987824,Pune,14 Jan'20,2D Animation,Immediately,7000 /Month
13,8 Feb'20,Animation,Pickles Animation,3 Months,https://internshala.com/internship/detail/flash-animation-internship-in-delhi-at-pickles-animation1578986726,Delhi,14 Jan'20,Flash Animation,Immediately,3000 /Month
14,29 Jan'20,Animation,DistinctiveGMP LLP,6 Months,https://internshala.com/internship/detail/3d-animation-work-from-home-job-internship-at-distinctivegmp-llp1578804972,Work From Home,14 Jan'20,3D Animation,Immediately,8000 /Month
15,29 Jan'20,Animation,CY4 Digital Twin Pvt Ltd,3 Months,https://internshala.com/internship/detail/graphic-design-part-time-job-internship-at-chennai-in-cy4-digital-twin-pvt-ltd1578746381,Chennai,14 Jan'20,Graphic Design,Immediately,3000-5000 /Month
16,28 Jan'20,Animation,HPC Sphere,4 Months,https://internshala.com/internship/detail/animation-design-internship-in-delhi-at-hpc-sphere1578979407,Delhi,14 Jan'20,Animation Design,Immediately,5000 /Month
17,29 Jan'20,Animation,Sattvarise Technologies,6 Months,https://internshala.com/internship/detail/3d-design-internship-in-pune-at-sattvarise-technologies1578976556,Pune,14 Jan'20,3D Design,Immediately,6000 /Month
18,27 Jan'20,Animation,Inframe Design Institute,2 Months,https://internshala.com/internship/detail/video-making-animation-part-time-job-internship-at-jodhpur-jaipur-in-inframe-design-institute1578643879,Jodhpur,13 Jan'20,Video Making & Animation,Immediately,3000 /Month
19,27 Jan'20,Animation,Vikalp India Private Limited,6 Months,https://internshala.com/internship/detail/animation-internship-in-delhi-at-vikalp-india-private-limited1578902166,Delhi,13 Jan'20,Animation,Immediately,7000-10000 /Month
20,27 Jan'20,Animation,Indroyd Labs,6 Months,https://internshala.com/internship/detail/video-editing-animation-internship-in-pune-at-indroyd-labs1578895028,Pune,13 Jan'20,Video Editing & Animation,Immediately,4000-9000 /Month
21,28 Jan'20,Animation,Miss Audio Video,4 Months,https://internshala.com/internship/detail/graphic-design-internship-in-jaipur-at-miss-audio-video1578891485,Jaipur,13 Jan'20,Graphic Design,Immediately,10000 /Month
22,25 Jan'20,Animation,Reading Right,6 Months,https://internshala.com/internship/detail/animation-work-from-home-job-internship-at-reading-right1578640191,Work From Home,10 Jan'20,Animation,Immediately,4000 /Month
23,24 Jan'20,Animation,Don't Memorise,3 Months,https://internshala.com/internship/detail/animation-internship-in-thane-at-dont-memorise1578637954,Thane,10 Jan'20,Animation,Immediately,10000-12000 /Month
24,25 Jan'20,Animation,Sports Ikka Private Limited,3 Months,https://internshala.com/internship/detail/visual-effects-internship-in-delhi-at-sports-ikka-private-limited1578630456,Delhi,10 Jan'20,Visual Effects,Immediately,3000 /Month
25,25 Jan'20,Animation,VR | AR | MR,3 Months,https://internshala.com/internship/detail/vfx-and-animation-artist-internship-in-faridabad-at-vr--ar--mr1578379407,Faridabad,10 Jan'20,VFX And Animation Artist,Immediately,5000 /Month
26,24 Jan'20,Animation,Augray Private Limited,3 Months,https://internshala.com/internship/detail/meme-creation-internship-in-chennai-at-augray-private-limited1578549107,Chennai,9 Jan'20,Meme Creation,Immediately,5000 /Month
27,24 Jan'20,Animation,Teenager Startups,5 Months,https://internshala.com/internship/detail/graphic-design-internship-in-ahmedabad-at-teenager-startups1578441641,Ahmedabad,9 Jan'20,Graphic Design,Immediately,3000 /Month
28,23 Jan'20,Animation,Arti Arts,1 Month,https://internshala.com/internship/detail/cartoonist-work-from-home-job-internship-at-arti-arts1578510818,Work From Home,9 Jan'20,Cartoonist,Immediately,1000-2000 /Month
29,23 Jan'20,Animation,Inpeth,2 Months,https://internshala.com/internship/detail/video-animation-making-work-from-home-job-internship-at-inpeth1578479688,Work From Home,8 Jan'20,Video/Animation Making,Immediately,6000 /Month
30,23 Jan'20,Animation,Alkras Online Services Private Limited,6 Weeks,https://internshala.com/internship/detail/animation-work-from-home-job-internship-at-alkras-online-services-private-limited1578339783,Work From Home,8 Jan'20,Animation,Immediately,5000 /Month + Incentives
31,22 Jan'20,Animation,Cybernetiv Digital,3 Months,https://internshala.com/internship/detail/vfx-design-internship-in-mumbai-at-cybernetiv-digital1578464020,Mumbai,8 Jan'20,VFX Design,Immediately,5000 /Month
32,23 Jan'20,Animation,Precision Pro Events,3 Months,https://internshala.com/internship/detail/visual-effects-internship-in-chennai-at-precision-pro-events1578312338,Chennai,8 Jan'20,Visual Effects,Immediately,10000 /Month
33,22 Jan'20,Animation,Conscript HR Advisors Private Limited,1 Month,https://internshala.com/internship/detail/cartoon-designing-work-from-home-job-internship-at-conscript-hr-advisors-private-limited1578291228,Work From Home,7 Jan'20,Cartoon Designing,Immediately,1000 /Month
34,21 Jan'20,Animation,Aussie Digital Business Systems,6 Months,https://internshala.com/internship/detail/animation-internship-in-multiple-locations-at-aussie-digital-business-systems1578368428,Chennai,7 Jan'20,Animation,Immediately,5000 /Month
35,21 Jan'20,Animation,SS Consulting,6 Months,https://internshala.com/internship/detail/3d-modeling-and-animation-internship-in-chennai-at-ss-consulting1578307999,Chennai,6 Jan'20,3D Modeling And Animation,Immediately,6000-12000 /Month
36,20 Jan'20,Animation,Conscript HR Advisors Private Limited,1 Month,https://internshala.com/internship/detail/animation-work-from-home-job-internship-at-conscript-hr-advisors-private-limited1578290926,Work From Home,6 Jan'20,Animation,Immediately,1000 /Month
37,21 Jan'20,Animation,Tiny Dreams Media Private Limited,3 Months,https://internshala.com/internship/detail/2d-flash-animation-part-time-job-internship-at-pune-in-tiny-dreams-media-private-limited1578289807,Pune,6 Jan'20,2D Flash Animation,Immediately,7000-9000 /Month
38,21 Jan'20,Animation,Denture Capital,2 Months,https://internshala.com/internship/detail/art-and-lighting-assistance-for-videos-internship-in-bangalore-at-denture-capital1578289735,Bangalore,6 Jan'20,Art And Lighting Assistance For Videos,Immediately,3000-5000 /Month
39,21 Jan'20,Animation,Space Aura,1 Month,https://internshala.com/internship/detail/motion-graphics-3d-animation-work-from-home-job-internship-at-space-aura1578047603,Work From Home,6 Jan'20,Motion Graphics & 3D Animation,Immediately,6000-8000 Lump-Sum
40,25 Jan'20,Animation,Viacom India LLP,6 Months,https://internshala.com/internship/detail/after-effects-artist-for-motion-graphics-videos-animation-internship-in-delhi-gurgaon-at-viacom-india-llp1577197908,Delhi,26 Dec'19,After Effects Artist For Motion Graphics Videos & Animation,Immediately,4000-8000 /Month
41,31 Jan'20,Animation,ReArk Digital Preservation Private Limited,1 Month,https://internshala.com/internship/detail/cinema-4d-development-part-time-job-internship-at-mumbai-in-reark-digital-preservation-private-limited1579264346,Mumbai,17 Jan'20,Cinema 4D Development,Immediately,5000 /Month
42,31 Jan'20,Animation,Westvindh,3 Months,https://internshala.com/internship/detail/animation-internship-in-gurgaon-at-westvindh1579256176,Gurgaon,17 Jan'20,Animation,Immediately,20000 /Month
43,31 Jan'20,Animation,Cook With Parul,6 Months,https://internshala.com/internship/detail/2d-animation-internship-in-bangalore-at-cook-with-parul1579234222,Bangalore,17 Jan'20,2D Animation,Immediately,8000-16000 /Month
44,31 Jan'20,Animation,Cook With Parul,6 Months,https://internshala.com/internship/detail/2d-3d-video-animation-part-time-job-internship-at-bangalore-in-cook-with-parul1579234210,Bangalore,17 Jan'20,2D & 3D Video Animation,Immediately,8000-11000 /Month
45,30 Jan'20,Animation,FourTimeNine Multimedia Productions Private Limited,3 Months,https://internshala.com/internship/detail/3d-animation-internship-in-delhi-at-fourtimenine-multimedia-productions-private-limited1579165081,Delhi,16 Jan'20,3D Animation,Immediately,3000 /Month
46,31 Jan'20,Animation,Image Creative Education Private Limited,1 Month,https://internshala.com/internship/detail/animated-video-making-work-from-home-job-internship-at-image-creative-education-private-limited1579162695,Work From Home,16 Jan'20,Animated Video Making,Immediately,2000 /Month
47,30 Jan'20,Animation,Arcanheim Interactive,6 Months,https://internshala.com/internship/detail/animation-2d-games-internship-in-pune-at-arcanheim-interactive1579153024,Pune,16 Jan'20,Animation (2D Games),Immediately,8000-12000 /Month
48,29 Jan'20,Animation,Foonix,6 Months,https://internshala.com/internship/detail/graphic-design-and-3d-animator-internship-in-chennai-at-foonix1579109603,Chennai,15 Jan'20,Graphic Design And 3D Animator,Immediately,2000 /Month
49,29 Jan'20,Animation,Augray Private Limited,3 Months,https://internshala.com/internship/detail/3d-animation-internship-in-chennai-at-augray-private-limited1579100767,Chennai,15 Jan'20,3D Animation,Immediately,5000 /Month
50,29 Jan'20,Animation,ApniClass,3 Months,https://internshala.com/internship/detail/animation-and-graphic-design-internship-in-udaipur-at-apniclass1579094567,Udaipur,15 Jan'20,Animation And Graphic Design,Immediately,15000-20000 /Month
51,29 Jan'20,Animation,Fountainhead Prep,1 Month,https://internshala.com/internship/detail/animation-adobe-after-effects-internship-in-bangalore-at-fountainhead-prep1579045705,Bangalore,15 Jan'20,Animation (Adobe After Effects),Immediately,5000 /Month
52,29 Jan'20,Animation,EverythingTech,6 Months,https://internshala.com/internship/detail/2d-animation-internship-in-pune-delhi-at-everythingtech1578987824,Pune,14 Jan'20,2D Animation,Immediately,7000 /Month
53,8 Feb'20,Animation,Pickles Animation,3 Months,https://internshala.com/internship/detail/flash-animation-internship-in-delhi-at-pickles-animation1578986726,Delhi,14 Jan'20,Flash Animation,Immediately,3000 /Month
54,29 Jan'20,Animation,DistinctiveGMP LLP,6 Months,https://internshala.com/internship/detail/3d-animation-work-from-home-job-internship-at-distinctivegmp-llp1578804972,Work From Home,14 Jan'20,3D Animation,Immediately,8000 /Month
55,29 Jan'20,Animation,CY4 Digital Twin Pvt Ltd,3 Months,https://internshala.com/internship/detail/graphic-design-part-time-job-internship-at-chennai-in-cy4-digital-twin-pvt-ltd1578746381,Chennai,14 Jan'20,Graphic Design,Immediately,3000-5000 /Month
56,28 Jan'20,Animation,HPC Sphere,4 Months,https://internshala.com/internship/detail/animation-design-internship-in-delhi-at-hpc-sphere1578979407,Delhi,14 Jan'20,Animation Design,Immediately,5000 /Month
57,29 Jan'20,Animation,Sattvarise Technologies,6 Months,https://internshala.com/internship/detail/3d-design-internship-in-pune-at-sattvarise-technologies1578976556,Pune,14 Jan'20,3D Design,Immediately,6000 /Month
58,27 Jan'20,Animation,Inframe Design Institute,2 Months,https://internshala.com/internship/detail/video-making-animation-part-time-job-internship-at-jodhpur-jaipur-in-inframe-design-institute1578643879,Jodhpur,13 Jan'20,Video Making & Animation,Immediately,3000 /Month
59,27 Jan'20,Animation,Vikalp India Private Limited,6 Months,https://internshala.com/internship/detail/animation-internship-in-delhi-at-vikalp-india-private-limited1578902166,Delhi,13 Jan'20,Animation,Immediately,7000-10000 /Month
60,27 Jan'20,Animation,Indroyd Labs,6 Months,https://internshala.com/internship/detail/video-editing-animation-internship-in-pune-at-indroyd-labs1578895028,Pune,13 Jan'20,Video Editing & Animation,Immediately,4000-9000 /Month
61,28 Jan'20,Animation,Miss Audio Video,4 Months,https://internshala.com/internship/detail/graphic-design-internship-in-jaipur-at-miss-audio-video1578891485,Jaipur,13 Jan'20,Graphic Design,Immediately,10000 /Month
62,25 Jan'20,Animation,Reading Right,6 Months,https://internshala.com/internship/detail/animation-work-from-home-job-internship-at-reading-right1578640191,Work From Home,10 Jan'20,Animation,Immediately,4000 /Month
63,24 Jan'20,Animation,Don't Memorise,3 Months,https://internshala.com/internship/detail/animation-internship-in-thane-at-dont-memorise1578637954,Thane,10 Jan'20,Animation,Immediately,10000-12000 /Month
64,25 Jan'20,Animation,Sports Ikka Private Limited,3 Months,https://internshala.com/internship/detail/visual-effects-internship-in-delhi-at-sports-ikka-private-limited1578630456,Delhi,10 Jan'20,Visual Effects,Immediately,3000 /Month
65,25 Jan'20,Animation,VR | AR | MR,3 Months,https://internshala.com/internship/detail/vfx-and-animation-artist-internship-in-faridabad-at-vr--ar--mr1578379407,Faridabad,10 Jan'20,VFX And Animation Artist,Immediately,5000 /Month
66,24 Jan'20,Animation,Augray Private Limited,3 Months,https://internshala.com/internship/detail/meme-creation-internship-in-chennai-at-augray-private-limited1578549107,Chennai,9 Jan'20,Meme Creation,Immediately,5000 /Month
67,24 Jan'20,Animation,Teenager Startups,5 Months,https://internshala.com/internship/detail/graphic-design-internship-in-ahmedabad-at-teenager-startups1578441641,Ahmedabad,9 Jan'20,Graphic Design,Immediately,3000 /Month
68,23 Jan'20,Animation,Arti Arts,1 Month,https://internshala.com/internship/detail/cartoonist-work-from-home-job-internship-at-arti-arts1578510818,Work From Home,9 Jan'20,Cartoonist,Immediately,1000-2000 /Month
69,23 Jan'20,Animation,Inpeth,2 Months,https://internshala.com/internship/detail/video-animation-making-work-from-home-job-internship-at-inpeth1578479688,Work From Home,8 Jan'20,Video/Animation Making,Immediately,6000 /Month
70,23 Jan'20,Animation,Alkras Online Services Private Limited,6 Weeks,https://internshala.com/internship/detail/animation-work-from-home-job-internship-at-alkras-online-services-private-limited1578339783,Work From Home,8 Jan'20,Animation,Immediately,5000 /Month + Incentives
71,22 Jan'20,Animation,Cybernetiv Digital,3 Months,https://internshala.com/internship/detail/vfx-design-internship-in-mumbai-at-cybernetiv-digital1578464020,Mumbai,8 Jan'20,VFX Design,Immediately,5000 /Month
72,23 Jan'20,Animation,Precision Pro Events,3 Months,https://internshala.com/internship/detail/visual-effects-internship-in-chennai-at-precision-pro-events1578312338,Chennai,8 Jan'20,Visual Effects,Immediately,10000 /Month
73,22 Jan'20,Animation,Conscript HR Advisors Private Limited,1 Month,https://internshala.com/internship/detail/cartoon-designing-work-from-home-job-internship-at-conscript-hr-advisors-private-limited1578291228,Work From Home,7 Jan'20,Cartoon Designing,Immediately,1000 /Month
74,21 Jan'20,Animation,Aussie Digital Business Systems,6 Months,https://internshala.com/internship/detail/animation-internship-in-multiple-locations-at-aussie-digital-business-systems1578368428,Chennai,7 Jan'20,Animation,Immediately,5000 /Month
75,21 Jan'20,Animation,SS Consulting,6 Months,https://internshala.com/internship/detail/3d-modeling-and-animation-internship-in-chennai-at-ss-consulting1578307999,Chennai,6 Jan'20,3D Modeling And Animation,Immediately,6000-12000 /Month
76,20 Jan'20,Animation,Conscript HR Advisors Private Limited,1 Month,https://internshala.com/internship/detail/animation-work-from-home-job-internship-at-conscript-hr-advisors-private-limited1578290926,Work From Home,6 Jan'20,Animation,Immediately,1000 /Month
77,21 Jan'20,Animation,Tiny Dreams Media Private Limited,3 Months,https://internshala.com/internship/detail/2d-flash-animation-part-time-job-internship-at-pune-in-tiny-dreams-media-private-limited1578289807,Pune,6 Jan'20,2D Flash Animation,Immediately,7000-9000 /Month
78,21 Jan'20,Animation,Denture Capital,2 Months,https://internshala.com/internship/detail/art-and-lighting-assistance-for-videos-internship-in-bangalore-at-denture-capital1578289735,Bangalore,6 Jan'20,Art And Lighting Assistance For Videos,Immediately,3000-5000 /Month
79,21 Jan'20,Animation,Space Aura,1 Month,https://internshala.com/internship/detail/motion-graphics-3d-animation-work-from-home-job-internship-at-space-aura1578047603,Work From Home,6 Jan'20,Motion Graphics & 3D Animation,Immediately,6000-8000 Lump-Sum
80,21 Jan'20,Animation,Promotedigitally,2 Months,https://internshala.com/internship/detail/animation-internship-in-lucknow-at-promotedigitally1578273205,Lucknow,6 Jan'20,Animation,Immediately,7000-10000 /Month
81,19 Jan'20,Animation,Crackyweb Cyber Solution,6 Months,https://internshala.com/internship/detail/motion-graphic-design-internship-in-mumbai-at-crackyweb-cyber-solution1578221527,Mumbai,5 Jan'20,Motion Graphic Design,Immediately,10000 /Month
82,18 Jan'20,Animation,Wiseguy Studios,6 Months,https://internshala.com/internship/detail/animation-editing-internship-in-mumbai-at-wiseguy-studios1578136685,Mumbai,4 Jan'20,Animation/Editing,Immediately,5000 /Month
83,18 Jan'20,Animation,UpTricks Services,3 Months,https://internshala.com/internship/detail/animation-and-video-editing-internship-in-pune-at-uptricks-services1577961797,Pune,3 Jan'20,Animation And Video Editing,Immediately,3000 /Month
84,7 Feb'20,Animation,Osumare,6 Months,https://internshala.com/internship/detail/2d-animation-video-editing-internship-in-pune-at-osumare1577918762,Pune,2 Jan'20,2D Animation & Video Editing,Immediately,6000-10000 /Month
85,31 Jan'20,Animation,Awrange Digital Solutions LLP,3 Months,https://internshala.com/internship/detail/graphic-design-internship-in-pune-at-awrange-digital-solutions-llp1577786830,Pune,31 Dec'19,Graphic Design,Immediately,4000-6000 /Month
86,25 Jan'20,Animation,Miss Audio Video,4 Months,https://internshala.com/internship/detail/animationdigital-caricature-cartoon-illustration-internship-in-jaipur-at-miss-audio-video1576835458,Jaipur,20 Dec'19,Animation(Digital Caricature Cartoon Illustration),Immediately,3000 /Month + Incentives
87,25 Jan'20,Animation,SV Clicks,2 Months,https://internshala.com/internship/detail/animation-internship-in-gurgaon-at-sv-clicks1576842292,Gurgaon,20 Dec'19,Animation,Immediately,3000-8000 /Month
88,23 Jan'20,Animation,Melot Technologies Private Limited,2 Months,https://internshala.com/internship/detail/animation-internship-in-mumbai-at-melot-technologies-private-limited1576741964,Mumbai,19 Dec'19,Animation,Immediately,15000 /Month
89,24 Jan'20,Animation,Miss Audio Video,6 Months,https://internshala.com/internship/detail/animation-adobe-after-effects-internship-in-jaipur-at-miss-audio-video1576585518,Jaipur,19 Dec'19,Animation (Adobe After Effects),Immediately,3000 /Month
90,23 Jan'20,Animation,SaMagic,3 Months,https://internshala.com/internship/detail/digital-comic-making-work-from-home-job-internship-at-samagic1576659542,Work From Home,18 Dec'19,Digital Comic Making,Immediately,1000 /Month + Incentives
91,21 Jan'20,Animation,Internshala,6 Months,https://internshala.com/internship/detail/visual-content-development-internship-in-gurgaon-at-internshala1576556661,Gurgaon,17 Dec'19,Visual Content Development,Immediately,20000 /Month
92,21 Jan'20,Animation,Aashman Foundation,6 Months,https://internshala.com/internship/detail/animation-part-time-job-internship-at-multiple-locations-in-aashman-foundation1576236513,Chandigarh,16 Dec'19,Animation,Immediately,Unpaid
