,Apply,Company,Duration,Link,Location,Posted,Profile,Rewards,Start,Stipend,Tag
0,31 Jan'20,Teach For India,2 Months,/internship/detail/city-human-resources-and-operations-internship-in-hyderabad-at-teach-for-india1579083198,Hyderabad,16 Jan'20,City Human Resources And Operations,,Immediately,4000 /Month,NGO
1,30 Jan'20,CRY - Child Rights and You,1 Month,/internship/detail/photography-and-videography-internship-in-mumbai-at-cry-child-rights-and-you1579076359,Mumbai,15 Jan'20,Photography And Videography,,Immediately,Unpaid,NGO
2,29 Jan'20,Teach For India,2 Months,/internship/detail/development-fundraising-internship-in-mumbai-at-teach-for-india1579065735,Mumbai,15 Jan'20,Development (Fundraising),,Immediately,4000 /Month,NGO
3,26 Jan'20,CRY - Child Rights and You,1 Month,/internship/detail/graphic-design-internship-in-mumbai-at-cry-child-rights-and-you1578832014,Mumbai,12 Jan'20,Graphic Design,,Immediately,Unpaid,NGO
4,23 Jan'20,Teach For India,2 Months,/internship/detail/communication-and-impact-analysis-internship-in-hyderabad-at-teach-for-india1578374532,Hyderabad,8 Jan'20,Communication And Impact Analysis,,Immediately,4000 /Month,NGO
5,23 Jan'20,Teach For India,2 Months,/internship/detail/fundraising-internship-in-delhi-at-teach-for-india1578466114,Delhi,8 Jan'20,Fundraising,,Immediately,4000 /Month,NGO
6,23 Jan'20,Azim Premji Foundation,2 Months,/internship/detail/data-handling-and-research-accounts-internship-in-bangalore-at-azim-premji-foundation1578466231,Bangalore,8 Jan'20,Data Handling And Research (Accounts),,Immediately,9000 /Month,NGO
7,23 Jan'20,CIIE Initiatives (IIM Ahmedabad),6 Months,/internship/detail/human-resources-hr-internship-in-ahmedabad-at-ciie-initiatives-iim-ahmedabad1578313310,Ahmedabad,8 Jan'20,Human Resources (HR),,Immediately,7500 /Month,NGO
8,20 Jan'20,Teach For India,2 Months,/internship/detail/classroom-support-internship-in-ahmedabad-at-teach-for-india1578289116,Ahmedabad,6 Jan'20,Classroom Support,,Immediately,4000 /Month,NGO
9,20 Jan'20,Federation of India Chambers of Commerce and Industries,3 Months,/internship/detail/research-associate-internship-in-chandigarh-at-federation-of-india-chambers-of-commerce-and-industries1578287781,Chandigarh,6 Jan'20,Research Associate,,Immediately,Unpaid,NGO
10,26 Jan'20,Teach For India,3 Months,/internship/detail/teaching-part-time-job-internship-at-delhi-in-teach-for-india1576999231,Delhi,22 Dec'19,Teaching,,Immediately,Unpaid,NGO
11,1 Feb'20,Blind Persons Association,2 Months,/internship/detail/volunteering-part-time-job-internship-at-delhi-in-blind-persons-association1579338267,Delhi,18 Jan'20,Volunteering,,Immediately,Unpaid,NGO
12,1 Feb'20,Beryl India,2 Months,/internship/detail/web-development-internship-in-noida-at-beryl-india1579335499,Noida,18 Jan'20,Web Development,,Immediately,6000-11000 /Month,NGO
13,1 Feb'20,Filternet Foundation,4 Months,/internship/detail/business-development-sales-internship-in-varanasi-at-filternet-foundation1579328764,Varanasi,18 Jan'20,Business Development (Sales),,Immediately,3000 /Month,NGO
14,1 Feb'20,New Barrackpore Navachetna Welfare Society,2 Weeks,/internship/detail/fundraising-work-from-home-job-internship-at-new-barrackpore-navachetna-welfare-society1579322234,Work From Home,18 Jan'20,Fundraising,,Immediately,Unpaid,NGO
15,1 Feb'20,The Rising People Welfare Society,6 Weeks,/internship/detail/teaching-part-time-job-internship-at-delhi-in-the-rising-people-welfare-society1579321202,Delhi,18 Jan'20,Teaching,,Immediately,Unpaid,NGO
16,1 Feb'20,The Rising People Welfare Society,6 Weeks,/internship/detail/photography-part-time-job-internship-at-delhi-in-the-rising-people-welfare-society1579320991,Delhi,18 Jan'20,Photography,,Immediately,Unpaid,NGO
17,1 Feb'20,The Rising People Welfare Society,6 Weeks,/internship/detail/social-media-marketing-part-time-job-internship-at-delhi-in-the-rising-people-welfare-society1579320796,Delhi,18 Jan'20,Social Media Marketing,,Immediately,Unpaid,NGO
18,1 Feb'20,The Rising People Welfare Society,6 Weeks,/internship/detail/human-resources-hr-part-time-job-internship-at-delhi-gurgaon-in-the-rising-people-welfare-society1579319009,Delhi,18 Jan'20,Human Resources (HR),,Immediately,Unpaid,NGO
19,2 Feb'20,Aashman Foundation,3 Months,/internship/detail/fundraising-part-time-job-internship-at-multiple-locations-in-aashman-foundation1579167456,Chandigarh,18 Jan'20,Fundraising,,Immediately,Unpaid,NGO
20,1 Feb'20,Sciensation Society,3 Months,/internship/detail/english-curriculum-development-part-time-job-internship-at-hyderabad-in-sciensation-society1579308750,Hyderabad,18 Jan'20,English Curriculum Development,,Immediately,12000 /Month,NGO
21,2 Feb'20,Involve,2 Months,/internship/detail/social-media-marketing-part-time-job-internship-at-bangalore-in-involve1579154021,Bangalore,18 Jan'20,Social Media Marketing,,Immediately,3500-8500 /Month,NGO
22,1 Feb'20,IdealVillage,3 Months,/internship/detail/mobile-app-development-work-from-home-job-internship-at-idealvillage1579296207,Work From Home,18 Jan'20,Mobile App Development,,Immediately,Unpaid,NGO
23,1 Feb'20,Intellify,6 Months,/internship/detail/human-resources-hr-internship-in-delhi-at-intellify1579287982,Delhi,18 Jan'20,Human Resources (HR),,Immediately,5000-7000 /Month,NGO
24,1 Feb'20,Intellify,3 Months,/internship/detail/content-writing-internship-in-delhi-at-intellify1579287936,Delhi,18 Jan'20,Content Writing,,Immediately,5000-7000 /Month,NGO
25,1 Feb'20,Intellify,3 Months,/internship/detail/research-internship-in-delhi-at-intellify1579287529,Delhi,18 Jan'20,Research,,Immediately,5000-7000 /Month,NGO
26,31 Jan'20,Intellify,2 Months,/internship/detail/video-making-editing-internship-in-delhi-at-intellify1579284338,Delhi,17 Jan'20,Video Making/Editing,,Immediately,5000-7000 /Month,NGO
27,31 Jan'20,Intellify,3 Months,/internship/detail/content-writing-internship-in-delhi-at-intellify1579283926,Delhi,17 Jan'20,Content Writing,,Immediately,5000-7000 /Month,NGO
28,31 Jan'20,Intellify,3 Months,/internship/detail/human-resources-hr-internship-in-delhi-at-intellify1579283873,Delhi,17 Jan'20,Human Resources (HR),,Immediately,5000-7000 /Month,NGO
29,31 Jan'20,DROR LABS,1 Month,/internship/detail/business-development-sales-internship-in-gurgaon-at-dror-labs1579268382,Gurgaon,17 Jan'20,Business Development (Sales),,Immediately,5000 /Month,NGO
30,1 Feb'20,Involve,2 Months,/internship/detail/operations-internship-in-bangalore-at-involve1579153091,Bangalore,17 Jan'20,Operations,,Immediately,5000-10000 /Month,NGO
31,1 Feb'20,Pollinate Group,3 Weeks,/internship/detail/business-development-social-work-part-time-job-internship-at-bangalore-in-pollinate-group1579259734,Bangalore,17 Jan'20,Business Development (Social Work),,Immediately,Unpaid,NGO
32,1 Feb'20,DROR LABS,1 Month,/internship/detail/campus-ambassador-programme-at-dror-labs1579160306,Gurgaon,17 Jan'20,Campus Ambassador,Performance Based,Immediately,,NGO
33,31 Jan'20,Babul Films Society NGO,3 Months,/internship/detail/social-media-marketing-internship-in-hyderabad-at-babul-films-society-ngo1579253856,Hyderabad,17 Jan'20,Social Media Marketing,,Immediately,9500 /Month,NGO
34,31 Jan'20,Babul Films Society NGO,1 Month,/internship/detail/general-management-internship-in-hyderabad-at-babul-films-society-ngo1579253006,Hyderabad,17 Jan'20,General Management,,Immediately,7000-8500 /Month,NGO
35,31 Jan'20,Inaaya Foundation,2 Months,/internship/detail/social-media-marketing-work-from-home-job-internship-at-inaaya-foundation1579252964,Work From Home,17 Jan'20,Social Media Marketing,,Immediately,Unpaid,NGO
36,31 Jan'20,International Justice Mission,2 Months,/internship/detail/law-legal-internship-in-delhi-at-international-justice-mission1579252558,Delhi,17 Jan'20,Law/ Legal,,Immediately,Unpaid,NGO
37,31 Jan'20,Intellify,3 Months,/internship/detail/php-development-internship-in-delhi-at-intellify1579252219,Delhi,17 Jan'20,PHP Development,,Immediately,5000-7000 /Month,NGO
38,31 Jan'20,Aashman Foundation,3 Months,/internship/detail/human-resources-hr-part-time-job-internship-at-multiple-locations-in-aashman-foundation1579250248,Amritsar,17 Jan'20,Human Resources (HR),,Immediately,Unpaid,NGO
39,31 Jan'20,Babul Films Society NGO,6 Months,/internship/detail/web-development-internship-in-hyderabad-at-babul-films-society-ngo1579247697,Hyderabad,17 Jan'20,Web Development,,Immediately,9500 /Month,NGO
40,31 Jan'20,Teach For India,2 Months,/internship/detail/city-human-resources-and-operations-internship-in-hyderabad-at-teach-for-india1579083198,Hyderabad,16 Jan'20,City Human Resources And Operations,,Immediately,4000 /Month,NGO
41,30 Jan'20,CRY - Child Rights and You,1 Month,/internship/detail/photography-and-videography-internship-in-mumbai-at-cry-child-rights-and-you1579076359,Mumbai,15 Jan'20,Photography And Videography,,Immediately,Unpaid,NGO
42,29 Jan'20,Teach For India,2 Months,/internship/detail/development-fundraising-internship-in-mumbai-at-teach-for-india1579065735,Mumbai,15 Jan'20,Development (Fundraising),,Immediately,4000 /Month,NGO
43,26 Jan'20,CRY - Child Rights and You,1 Month,/internship/detail/graphic-design-internship-in-mumbai-at-cry-child-rights-and-you1578832014,Mumbai,12 Jan'20,Graphic Design,,Immediately,Unpaid,NGO
44,23 Jan'20,Teach For India,2 Months,/internship/detail/communication-and-impact-analysis-internship-in-hyderabad-at-teach-for-india1578374532,Hyderabad,8 Jan'20,Communication And Impact Analysis,,Immediately,4000 /Month,NGO
45,23 Jan'20,Teach For India,2 Months,/internship/detail/fundraising-internship-in-delhi-at-teach-for-india1578466114,Delhi,8 Jan'20,Fundraising,,Immediately,4000 /Month,NGO
46,23 Jan'20,Azim Premji Foundation,2 Months,/internship/detail/data-handling-and-research-accounts-internship-in-bangalore-at-azim-premji-foundation1578466231,Bangalore,8 Jan'20,Data Handling And Research (Accounts),,Immediately,9000 /Month,NGO
47,23 Jan'20,CIIE Initiatives (IIM Ahmedabad),6 Months,/internship/detail/human-resources-hr-internship-in-ahmedabad-at-ciie-initiatives-iim-ahmedabad1578313310,Ahmedabad,8 Jan'20,Human Resources (HR),,Immediately,7500 /Month,NGO
48,20 Jan'20,Teach For India,2 Months,/internship/detail/classroom-support-internship-in-ahmedabad-at-teach-for-india1578289116,Ahmedabad,6 Jan'20,Classroom Support,,Immediately,4000 /Month,NGO
49,20 Jan'20,Federation of India Chambers of Commerce and Industries,3 Months,/internship/detail/research-associate-internship-in-chandigarh-at-federation-of-india-chambers-of-commerce-and-industries1578287781,Chandigarh,6 Jan'20,Research Associate,,Immediately,Unpaid,NGO
50,26 Jan'20,Teach For India,3 Months,/internship/detail/teaching-part-time-job-internship-at-delhi-in-teach-for-india1576999231,Delhi,22 Dec'19,Teaching,,Immediately,Unpaid,NGO
51,1 Feb'20,Blind Persons Association,2 Months,/internship/detail/volunteering-part-time-job-internship-at-delhi-in-blind-persons-association1579338267,Delhi,18 Jan'20,Volunteering,,Immediately,Unpaid,NGO
52,1 Feb'20,Beryl India,2 Months,/internship/detail/web-development-internship-in-noida-at-beryl-india1579335499,Noida,18 Jan'20,Web Development,,Immediately,6000-11000 /Month,NGO
53,1 Feb'20,Filternet Foundation,4 Months,/internship/detail/business-development-sales-internship-in-varanasi-at-filternet-foundation1579328764,Varanasi,18 Jan'20,Business Development (Sales),,Immediately,3000 /Month,NGO
54,1 Feb'20,New Barrackpore Navachetna Welfare Society,2 Weeks,/internship/detail/fundraising-work-from-home-job-internship-at-new-barrackpore-navachetna-welfare-society1579322234,Work From Home,18 Jan'20,Fundraising,,Immediately,Unpaid,NGO
55,1 Feb'20,The Rising People Welfare Society,6 Weeks,/internship/detail/teaching-part-time-job-internship-at-delhi-in-the-rising-people-welfare-society1579321202,Delhi,18 Jan'20,Teaching,,Immediately,Unpaid,NGO
56,1 Feb'20,The Rising People Welfare Society,6 Weeks,/internship/detail/photography-part-time-job-internship-at-delhi-in-the-rising-people-welfare-society1579320991,Delhi,18 Jan'20,Photography,,Immediately,Unpaid,NGO
57,1 Feb'20,The Rising People Welfare Society,6 Weeks,/internship/detail/social-media-marketing-part-time-job-internship-at-delhi-in-the-rising-people-welfare-society1579320796,Delhi,18 Jan'20,Social Media Marketing,,Immediately,Unpaid,NGO
58,1 Feb'20,The Rising People Welfare Society,6 Weeks,/internship/detail/human-resources-hr-part-time-job-internship-at-delhi-gurgaon-in-the-rising-people-welfare-society1579319009,Delhi,18 Jan'20,Human Resources (HR),,Immediately,Unpaid,NGO
59,2 Feb'20,Aashman Foundation,3 Months,/internship/detail/fundraising-part-time-job-internship-at-multiple-locations-in-aashman-foundation1579167456,Chandigarh,18 Jan'20,Fundraising,,Immediately,Unpaid,NGO
60,1 Feb'20,Sciensation Society,3 Months,/internship/detail/english-curriculum-development-part-time-job-internship-at-hyderabad-in-sciensation-society1579308750,Hyderabad,18 Jan'20,English Curriculum Development,,Immediately,12000 /Month,NGO
61,2 Feb'20,Involve,2 Months,/internship/detail/social-media-marketing-part-time-job-internship-at-bangalore-in-involve1579154021,Bangalore,18 Jan'20,Social Media Marketing,,Immediately,3500-8500 /Month,NGO
62,1 Feb'20,IdealVillage,3 Months,/internship/detail/mobile-app-development-work-from-home-job-internship-at-idealvillage1579296207,Work From Home,18 Jan'20,Mobile App Development,,Immediately,Unpaid,NGO
63,1 Feb'20,Intellify,6 Months,/internship/detail/human-resources-hr-internship-in-delhi-at-intellify1579287982,Delhi,18 Jan'20,Human Resources (HR),,Immediately,5000-7000 /Month,NGO
64,1 Feb'20,Intellify,3 Months,/internship/detail/content-writing-internship-in-delhi-at-intellify1579287936,Delhi,18 Jan'20,Content Writing,,Immediately,5000-7000 /Month,NGO
65,1 Feb'20,Intellify,3 Months,/internship/detail/research-internship-in-delhi-at-intellify1579287529,Delhi,18 Jan'20,Research,,Immediately,5000-7000 /Month,NGO
66,31 Jan'20,Intellify,2 Months,/internship/detail/video-making-editing-internship-in-delhi-at-intellify1579284338,Delhi,17 Jan'20,Video Making/Editing,,Immediately,5000-7000 /Month,NGO
67,31 Jan'20,Intellify,3 Months,/internship/detail/content-writing-internship-in-delhi-at-intellify1579283926,Delhi,17 Jan'20,Content Writing,,Immediately,5000-7000 /Month,NGO
68,31 Jan'20,Intellify,3 Months,/internship/detail/human-resources-hr-internship-in-delhi-at-intellify1579283873,Delhi,17 Jan'20,Human Resources (HR),,Immediately,5000-7000 /Month,NGO
69,31 Jan'20,DROR LABS,1 Month,/internship/detail/business-development-sales-internship-in-gurgaon-at-dror-labs1579268382,Gurgaon,17 Jan'20,Business Development (Sales),,Immediately,5000 /Month,NGO
70,1 Feb'20,Involve,2 Months,/internship/detail/operations-internship-in-bangalore-at-involve1579153091,Bangalore,17 Jan'20,Operations,,Immediately,5000-10000 /Month,NGO
71,1 Feb'20,Pollinate Group,3 Weeks,/internship/detail/business-development-social-work-part-time-job-internship-at-bangalore-in-pollinate-group1579259734,Bangalore,17 Jan'20,Business Development (Social Work),,Immediately,Unpaid,NGO
72,1 Feb'20,DROR LABS,1 Month,/internship/detail/campus-ambassador-programme-at-dror-labs1579160306,Gurgaon,17 Jan'20,Campus Ambassador,Performance Based,Immediately,,NGO
73,31 Jan'20,Babul Films Society NGO,3 Months,/internship/detail/social-media-marketing-internship-in-hyderabad-at-babul-films-society-ngo1579253856,Hyderabad,17 Jan'20,Social Media Marketing,,Immediately,9500 /Month,NGO
74,31 Jan'20,Babul Films Society NGO,1 Month,/internship/detail/general-management-internship-in-hyderabad-at-babul-films-society-ngo1579253006,Hyderabad,17 Jan'20,General Management,,Immediately,7000-8500 /Month,NGO
75,31 Jan'20,Inaaya Foundation,2 Months,/internship/detail/social-media-marketing-work-from-home-job-internship-at-inaaya-foundation1579252964,Work From Home,17 Jan'20,Social Media Marketing,,Immediately,Unpaid,NGO
76,31 Jan'20,International Justice Mission,2 Months,/internship/detail/law-legal-internship-in-delhi-at-international-justice-mission1579252558,Delhi,17 Jan'20,Law/ Legal,,Immediately,Unpaid,NGO
77,31 Jan'20,Intellify,3 Months,/internship/detail/php-development-internship-in-delhi-at-intellify1579252219,Delhi,17 Jan'20,PHP Development,,Immediately,5000-7000 /Month,NGO
78,31 Jan'20,Aashman Foundation,3 Months,/internship/detail/human-resources-hr-part-time-job-internship-at-multiple-locations-in-aashman-foundation1579250248,Amritsar,17 Jan'20,Human Resources (HR),,Immediately,Unpaid,NGO
79,31 Jan'20,Babul Films Society NGO,6 Months,/internship/detail/web-development-internship-in-hyderabad-at-babul-films-society-ngo1579247697,Hyderabad,17 Jan'20,Web Development,,Immediately,9500 /Month,NGO
80,31 Jan'20,Babul Films Society NGO,6 Months,/internship/detail/video-making-editing-internship-in-hyderabad-at-babul-films-society-ngo1579246554,Hyderabad,17 Jan'20,Video Making/Editing,,Immediately,9500 /Month,NGO
81,31 Jan'20,Youth Empowerment Foundation,1 Month,/internship/detail/fundraising-work-from-home-job-internship-at-youth-empowerment-foundation1579238866,Work From Home,17 Jan'20,Fundraising,,Immediately,Unpaid,NGO
82,31 Jan'20,Sciensation Society,4 Months,/internship/detail/mathematics-education-research-fellowship-internship-in-hyderabad-at-sciensation-society1579236879,Hyderabad,17 Jan'20,Mathematics Education Research Fellowship,,Immediately,12000 /Month,NGO
83,1 Feb'20,Gracia Raina Foundation,6 Months,/internship/detail/content-writing-internship-in-delhi-at-gracia-raina-foundation1579158880,Delhi,17 Jan'20,Content Writing,,Immediately,5000 /Month,NGO
84,1 Feb'20,Rising Star Khilte Chehre,1 Month,/internship/detail/marketing-part-time-job-internship-at-delhi-in-rising-star-khilte-chehre1579157299,Delhi,17 Jan'20,Marketing,,Immediately,Unpaid,NGO
85,1 Feb'20,Intellify,3 Months,/internship/detail/mobile-app-development-internship-in-delhi-at-intellify1579155773,Delhi,17 Jan'20,Mobile App Development,,Immediately,5000-10000 /Month,NGO
86,30 Jan'20,Intellify,2 Weeks,/internship/detail/subject-matter-expert-biology-physics-chemistry-maths-work-from-home-job-internship-at-intellify1579186188,Work From Home,16 Jan'20,Subject Matter Expert (Biology/Physics/Chemistry/Maths),,Immediately,Unpaid,NGO
87,31 Jan'20,Narayana Health,2 Months,/internship/detail/accounts-finance-internship-in-mumbai-at-narayana-health1579181099,Mumbai,16 Jan'20,Accounts & Finance,,Immediately,Unpaid,NGO
88,31 Jan'20,Today's Kalam Foundation,2 Months,/internship/detail/philanthropy-work-from-home-job-internship-at-todays-kalam-foundation1579152014,Work From Home,16 Jan'20,Philanthropy,,Immediately,3000 /Month,NGO
89,30 Jan'20,Youth Development Committee,4 Months,/internship/detail/social-media-marketing-work-from-home-job-internship-at-youth-development-committee1579175979,Work From Home,16 Jan'20,Social Media Marketing,,Immediately,Unpaid,NGO
90,30 Jan'20,WWF-India,3 Months,/internship/detail/business-development-sales-internship-in-delhi-at-wwf-india1579173836,Delhi,16 Jan'20,Business Development (Sales),,Immediately,3000-5000 /Week,NGO
91,31 Jan'20,Today's Kalam Foundation,2 Months,/internship/detail/fundraising-work-from-home-job-internship-at-todays-kalam-foundation1579152036,Work From Home,16 Jan'20,Fundraising,,Immediately,3000 /Month,NGO
92,31 Jan'20,PAIGAM,2 Months,/internship/detail/policy-research-internship-in-delhi-at-paigam1579122609,Delhi,16 Jan'20,Policy Research,,Immediately,10000-15000 /Month,NGO
93,30 Jan'20,DROR LABS,1 Month,/internship/detail/business-development-sales-part-time-job-internship-at-gurgaon-in-dror-labs1579167904,Gurgaon,16 Jan'20,Business Development (Sales),,Immediately,3000-8000 /Month,NGO
94,31 Jan'20,Samaksh Welfare Association,3 Months,/internship/detail/video-making-editing-part-time-job-internship-at-pune-in-samaksh-welfare-association1579115233,Pune,16 Jan'20,Video Making/Editing,,Immediately,Unpaid,NGO
95,31 Jan'20,Dhanak The Rainbow,3 Months,/internship/detail/activity-facilitation-internship-in-ghaziabad-at-dhanak-the-rainbow1579166834,Ghaziabad,16 Jan'20,Activity Facilitation,,Immediately,1000-2000 /Month,NGO
96,30 Jan'20,Rising Star Khilte Chehre,2 Months,/internship/detail/graphic-design-part-time-job-internship-at-delhi-in-rising-star-khilte-chehre1579165933,Delhi,16 Jan'20,Graphic Design,,Immediately,Unpaid,NGO
97,30 Jan'20,Indian Social Responsibility Network,2 Months,/internship/detail/policy-research-internship-in-delhi-at-indian-social-responsibility-network1579165506,Delhi,16 Jan'20,Policy Research,,Immediately,Unpaid,NGO
98,30 Jan'20,Treasures Of Innocence,1 Month,/internship/detail/content-writing-internship-in-kolkata-at-treasures-of-innocence1579165179,Kolkata,16 Jan'20,Content Writing,,Immediately,Unpaid,NGO
99,31 Jan'20,Intellify,2 Weeks,/internship/detail/operations-part-time-job-internship-at-delhi-in-intellify1579093743,Delhi,16 Jan'20,Operations,,Immediately,Unpaid,NGO
100,31 Jan'20,Intellify,2 Months,/internship/detail/motion-graphics-internship-in-delhi-at-intellify1579094236,Delhi,16 Jan'20,Motion Graphics,,Immediately,5000-7000 /Month,NGO
101,30 Jan'20,Muskurahat Foundation,1 Month,/internship/detail/fundraising-work-from-home-job-internship-at-muskurahat-foundation1579159860,Work From Home,16 Jan'20,Fundraising,,Immediately,5000-10000 Lump-Sum,NGO
102,30 Jan'20,Intellify,3 Months,/internship/detail/operations-internship-in-delhi-at-intellify1579158235,Delhi,16 Jan'20,Operations,,Immediately,5000 /Month,NGO
103,30 Jan'20,Intellify,3 Months,/internship/detail/video-making-editing-internship-in-delhi-at-intellify1579158016,Delhi,16 Jan'20,Video Making/Editing,,Immediately,5000-10000 /Month,NGO
104,30 Jan'20,Intellify,3 Months,/internship/detail/graphic-design-internship-in-delhi-at-intellify1579157757,Delhi,16 Jan'20,Graphic Design,,Immediately,5000 /Month,NGO
105,30 Jan'20,Rising Star Khilte Chehre,2 Months,/internship/detail/content-writing-part-time-job-internship-at-delhi-in-rising-star-khilte-chehre1579157627,Delhi,16 Jan'20,Content Writing,,Immediately,Unpaid,NGO
106,31 Jan'20,Rising Star Khilte Chehre,1 Month,/internship/detail/social-media-marketing-part-time-job-internship-at-delhi-in-rising-star-khilte-chehre1578912175,Delhi,16 Jan'20,Social Media Marketing,,Immediately,Unpaid,NGO
107,31 Jan'20,Rising Star Khilte Chehre,1 Month,/internship/detail/web-development-part-time-job-internship-at-delhi-in-rising-star-khilte-chehre1578911586,Delhi,16 Jan'20,Web Development,,Immediately,Unpaid,NGO
108,31 Jan'20,Indian Road Safety Campaign,6 Months,/internship/detail/government-relations-internship-in-delhi-at-indian-road-safety-campaign1579084931,Delhi,16 Jan'20,Government Relations,,Immediately,5000 /Month,NGO
109,30 Jan'20,Kalam Intellects,2 Months,/internship/detail/support-work-from-home-job-internship-at-kalam-intellects1579151688,Work From Home,16 Jan'20,Support,,Immediately,3000 /Month,NGO
110,30 Jan'20,Kalam Center,2 Months,/internship/detail/volunteering-work-from-home-job-internship-at-kalam-center1579151619,Work From Home,16 Jan'20,Volunteering,,Immediately,3000 /Month,NGO
111,31 Jan'20,Intellify,2 Weeks,/internship/detail/volunteering-part-time-job-internship-at-delhi-in-intellify1579012573,Delhi,16 Jan'20,Volunteering,,Immediately,Unpaid,NGO
112,29 Jan'20,Jankalyan Multipurpose Education Socitey,6 Months,/internship/detail/digital-marketing-work-from-home-job-internship-at-jankalyan-multipurpose-education-socitey1579108563,Work From Home,15 Jan'20,Digital Marketing,,Immediately,Unpaid,NGO
113,29 Jan'20,Intellify,3 Months,/internship/detail/marketing-internship-in-delhi-at-intellify1579093530,Delhi,15 Jan'20,Marketing,,Immediately,5000-7000 /Month,NGO
114,29 Jan'20,Intellify,3 Months,/internship/detail/marketing-internship-in-delhi-at-intellify1579092430,Delhi,15 Jan'20,Marketing,,Immediately,5000-7000 /Month,NGO
115,29 Jan'20,Intellify,3 Months,/internship/detail/business-development-sales-internship-in-delhi-at-intellify1579092349,Delhi,15 Jan'20,Business Development (Sales),,Immediately,4000-7000 /Month,NGO
116,29 Jan'20,Intellify,2 Months,/internship/detail/subject-matter-expert-maths-physics-biology-chemistry-internship-in-delhi-at-intellify1579092196,Delhi,15 Jan'20,Subject Matter Expert (Maths/Physics/Biology/Chemistry)),,Immediately,5000-7000 /Month,NGO
117,29 Jan'20,Intellify,3 Months,/internship/detail/operations-internship-in-delhi-at-intellify1579091682,Delhi,15 Jan'20,Operations,,Immediately,5000-7000 /Month,NGO
118,29 Jan'20,Intellify,3 Months,/internship/detail/research-internship-in-delhi-at-intellify1579091551,Delhi,15 Jan'20,Research,,Immediately,5000-7000 /Month,NGO
119,30 Jan'20,Grameen Foundation India,6 Months,/internship/detail/mobilizing-internship-in-nagpur-at-grameen-foundation-india1579089196,Nagpur,15 Jan'20,Mobilizing,,Immediately,8000-11000 /Month,NGO
120,30 Jan'20,Shrigadi Foundation,4 Months,/internship/detail/teaching-work-from-home-job-internship-at-shrigadi-foundation1578199645,Work From Home,15 Jan'20,Teaching,,Immediately,Unpaid,NGO
121,30 Jan'20,Grameen Foundation India,6 Months,/internship/detail/teaching-internship-in-nagpur-at-grameen-foundation-india1579087705,Nagpur,15 Jan'20,Teaching,,Immediately,10000-15000 /Month,NGO
122,30 Jan'20,Grameen Foundation India,6 Months,/internship/detail/project-coordinator-lakshyawati-bhandara-part-time-job-internship-at-bhandardara-in-grameen-foundation-india1579087602,Bhandardara,15 Jan'20,Project Coordinator - Lakshyawati (Bhandara),,Immediately,10000-15000 /Month,NGO
123,29 Jan'20,Indian Road Safety Campaign,6 Months,/internship/detail/video-editing-internship-in-delhi-at-indian-road-safety-campaign1579084919,Delhi,15 Jan'20,Video Editing,,Immediately,5000 /Month,NGO
124,29 Jan'20,Indian Road Safety Campaign,6 Months,/internship/detail/ngo-relations-internship-in-delhi-at-indian-road-safety-campaign1579084236,Delhi,15 Jan'20,NGO Relations,,Immediately,5000 /Month,NGO
125,30 Jan'20,Training & Educational Centre For Hearing Impaired (TEACH),6 Months,/internship/detail/social-media-marketing-part-time-job-internship-at-mumbai-in-training-educational-centre-for-hearing-impaired-teach1578996352,Mumbai,15 Jan'20,Social Media Marketing,,Immediately,3500 /Month,NGO
126,29 Jan'20,Indian Road Safety Campaign,6 Months,/internship/detail/program-management-internship-in-delhi-at-indian-road-safety-campaign1579084018,Delhi,15 Jan'20,Program Management,,Immediately,5000 /Month,NGO
127,29 Jan'20,Skill Minds India,2 Months,/internship/detail/graphic-design-internship-in-patna-at-skill-minds-india1579083501,Patna,15 Jan'20,Graphic Design,,Immediately,Unpaid,NGO
128,29 Jan'20,Skill Minds India,3 Months,/internship/detail/web-development-part-time-job-internship-at-patna-in-skill-minds-india1579083224,Patna,15 Jan'20,Web Development,,Immediately,3000 /Month,NGO
129,29 Jan'20,The Toy Bank,3 Months,/internship/detail/social-media-marketing-part-time-job-internship-at-delhi-in-the-toy-bank1579083048,Delhi,15 Jan'20,Social Media Marketing,,Immediately,3000-5000 /Month,NGO
130,29 Jan'20,Hamari Pahchan NGO,1 Month,/internship/detail/content-writing-internship-in-delhi-at-hamari-pahchan-ngo1579082668,Delhi,15 Jan'20,Content Writing,,Immediately,2000-5000 /Month,NGO
131,29 Jan'20,Hamari Pahchan NGO,2 Months,/internship/detail/general-management-internship-in-delhi-at-hamari-pahchan-ngo1579078102,Delhi,15 Jan'20,General Management,,Immediately,2000-5000 /Month,NGO
132,29 Jan'20,Global Peace Foundation India,1 Month,/internship/detail/social-work-facets-of-faith-part-time-job-internship-at-delhi-in-global-peace-foundation-india1579076894,Delhi,15 Jan'20,Social Work (Facets Of Faith),,Immediately,Unpaid,NGO
133,30 Jan'20,Namaskar with Love Foundation,3 Months,/internship/detail/digital-marketing-internship-in-pune-at-namaskar-with-love-foundation1578918727,Pune,15 Jan'20,Digital Marketing,,Immediately,2000 /Month,NGO
134,30 Jan'20,Head Held High Foundation,2 Months,/internship/detail/data-entry-internship-in-bangalore-at-head-held-high-foundation1578976136,Bangalore,15 Jan'20,Data Entry,,Immediately,Unpaid,NGO
135,30 Jan'20,Aikya,1 Month,/internship/detail/web-development-internship-in-rajajinagar-at-aikya1578916429,Rajajinagar,15 Jan'20,Web Development,,Immediately,Unpaid,NGO
136,30 Jan'20,Aikya,1 Month,/internship/detail/mobile-app-development-internship-in-rajajinagar-at-aikya1578915829,Rajajinagar,15 Jan'20,Mobile App Development,,Immediately,Unpaid,NGO
137,29 Jan'20,Hamari Pahchan NGO,2 Months,/internship/detail/law-legal-internship-in-delhi-at-hamari-pahchan-ngo1579072511,Delhi,15 Jan'20,Law/ Legal,,Immediately,10000-12000 /Month,NGO
138,30 Jan'20,Red Dot Foundation (Safecity),1 Month,/internship/detail/graphic-design-work-from-home-job-internship-at-red-dot-foundation-safecity1578978204,Work From Home,15 Jan'20,Graphic Design,,Immediately,Unpaid,NGO
139,29 Jan'20,Atma,3 Months,/internship/detail/monitoring-and-evaluation-internship-in-pune-mumbai-at-atma1579070835,Pune,15 Jan'20,Monitoring and Evaluation,,Immediately,Unpaid,NGO
140,29 Jan'20,Atma,3 Months,/internship/detail/digital-marketing-internship-in-mumbai-pune-at-atma1579070802,Mumbai,15 Jan'20,Digital Marketing,,Immediately,Unpaid,NGO
141,29 Jan'20,Atma,3 Months,/internship/detail/administration-internship-in-pune-mumbai-at-atma1579070765,Pune,15 Jan'20,Administration,,Immediately,Unpaid,NGO
142,29 Jan'20,Atma,3 Months,/internship/detail/fundraising-internship-in-pune-mumbai-at-atma1579070737,Pune,15 Jan'20,Fundraising,,Immediately,Unpaid,NGO
143,29 Jan'20,B-ABLE,6 Months,/internship/detail/human-resources-hr-internship-in-delhi-at-b-able1579070298,Delhi,15 Jan'20,Human Resources (HR),,Immediately,6500 /Month,NGO
144,29 Jan'20,Atma,3 Months,/internship/detail/finance-internship-in-pune-mumbai-at-atma1579070088,Pune,15 Jan'20,Finance,,Immediately,Unpaid,NGO
145,30 Jan'20,Filternet Foundation,4 Months,/internship/detail/mobile-app-development-internship-in-varanasi-at-filternet-foundation1578908527,Varanasi,15 Jan'20,Mobile App Development,,Immediately,3000 /Month,NGO
146,30 Jan'20,Eduwaive Foundation,6 Months,/internship/detail/agriculture-internship-in-chandigarh-at-eduwaive-foundation1579068421,Chandigarh,15 Jan'20,Agriculture,,Immediately,5000 /Month,NGO
147,30 Jan'20,Eduwaive Foundation,6 Months,/internship/detail/business-development-sales-internship-in-chandigarh-at-eduwaive-foundation1578579241,Chandigarh,15 Jan'20,Business Development (Sales),,Immediately,6000 /Month,NGO
148,29 Jan'20,Indian Road Safety Campaign,6 Months,/internship/detail/video-editing-work-from-home-job-internship-at-indian-road-safety-campaign1579061459,Work From Home,15 Jan'20,Video Editing,,Immediately,Unpaid,NGO
149,29 Jan'20,Beryl India,4 Months,/internship/detail/graphic-design-internship-in-noida-at-beryl-india1579053403,Noida,15 Jan'20,Graphic Design,,Immediately,9000-14000 /Month,NGO
150,30 Jan'20,Niswarth: The Selfless,6 Months,/internship/detail/media-public-relations-pr-work-from-home-job-internship-at-niswarth-the-selfless1577438593,Work From Home,15 Jan'20,Media & Public Relations (PR),,Immediately,Unpaid,NGO
151,28 Jan'20,Gavaksh India,4 Months,/internship/detail/volunteering-part-time-job-internship-at-delhi-in-gavaksh-india1579026155,Delhi,14 Jan'20,Volunteering,,Immediately,Unpaid,NGO
152,28 Jan'20,Udyam,5 Months,/internship/detail/teaching-part-time-job-internship-at-delhi-in-udyam1579014745,Delhi,14 Jan'20,Teaching,,Immediately,Unpaid,NGO
153,28 Jan'20,Intellify,2 Months,/internship/detail/telecalling-internship-in-delhi-at-intellify1579011108,Delhi,14 Jan'20,Telecalling,,Immediately,4000-6000 /Month,NGO
154,29 Jan'20,Kaushal Gram,2 Months,/internship/detail/content-writing-work-from-home-job-internship-at-kaushal-gram1578899773,Work From Home,14 Jan'20,Content Writing,,Immediately,Unpaid,NGO
155,28 Jan'20,Indian Road Safety Campaign,6 Months,/internship/detail/ngo-relations-work-from-home-job-internship-at-indian-road-safety-campaign1579006414,Work From Home,14 Jan'20,NGO Relations,,Immediately,Unpaid,NGO
156,28 Jan'20,Indian Road Safety Campaign,6 Months,/internship/detail/program-management-work-from-home-job-internship-at-indian-road-safety-campaign1579006409,Work From Home,14 Jan'20,Program Management,,Immediately,Unpaid,NGO
157,28 Jan'20,Shrigadi Foundation,3 Months,/internship/detail/business-development-sales-part-time-job-internship-at-thane-mumbai-in-shrigadi-foundation1579004055,Thane,14 Jan'20,Business Development (Sales),,Immediately,4000 /Month +  Incentives,NGO
158,28 Jan'20,Khoon,2 Months,/internship/detail/operations-assistance-work-from-home-job-internship-at-khoon1579002457,Work From Home,14 Jan'20,Operations (Assistance),,Immediately,Unpaid,NGO
159,28 Jan'20,WWF-India,6 Months,/internship/detail/human-resources-hr-internship-in-hyderabad-at-wwf-india1579002247,Hyderabad,14 Jan'20,Human Resources (HR),,Immediately,10000 /Month,NGO
160,29 Jan'20,KATHA,1 Month,/internship/detail/hindi-translation-part-time-job-internship-at-delhi-in-katha1579000885,Delhi,14 Jan'20,Hindi Translation,,Immediately,Unpaid,NGO
161,28 Jan'20,Commondove,3 Months,/internship/detail/human-resources-hr-work-from-home-job-internship-at-commondove1579000590,Work From Home,14 Jan'20,Human Resources (HR),,Immediately,Unpaid,NGO
162,29 Jan'20,Save Missing Girls,1 Week,/internship/detail/on-ground-volunteering-for-jaipur-literature-fest-2020-internship-in-jaipur-at-save-missing-girls1578901156,Jaipur,14 Jan'20,On-ground Volunteering For Jaipur Literature Fest 2020,,Immediately,Unpaid,NGO
163,29 Jan'20,Earth5R,3 Months,/internship/detail/content-writing-internship-in-mumbai-at-earth5r1578893130,Mumbai,14 Jan'20,Content Writing,,Immediately,Unpaid,NGO
164,29 Jan'20,Intellify,2 Weeks,/internship/detail/video-making-editing-work-from-home-job-internship-at-intellify1578755736,Work From Home,14 Jan'20,Video Making/Editing,,Immediately,Unpaid,NGO
165,28 Jan'20,Swasti,3 Months,/internship/detail/human-resources-hr-internship-in-bangalore-at-swasti1578983374,Bangalore,14 Jan'20,Human Resources (HR),,Immediately,Unpaid,NGO
166,29 Jan'20,Humanity Foundation,3 Weeks,/internship/detail/teaching-part-time-job-internship-at-delhi-in-humanity-foundation1578808042,Delhi,14 Jan'20,Teaching,,Immediately,2000-3000 /Month,NGO
167,28 Jan'20,Red Dot Foundation (Safecity),3 Months,/internship/detail/graphic-design-work-from-home-job-internship-at-red-dot-foundation-safecity1578978463,Work From Home,14 Jan'20,Graphic Design,,Immediately,Unpaid,NGO
168,28 Jan'20,Red Dot Foundation (Safecity),3 Months,/internship/detail/social-media-marketing-work-from-home-job-internship-at-red-dot-foundation-safecity1578978416,Work From Home,14 Jan'20,Social Media Marketing,,Immediately,Unpaid,NGO
169,28 Jan'20,Mumbai First,3 Months,/internship/detail/social-media-marketing-part-time-job-internship-at-mumbai-in-mumbai-first1578978336,Mumbai,14 Jan'20,Social Media Marketing,,Immediately,Unpaid,NGO
170,29 Jan'20,DraftCraft International,2 Weeks,/internship/detail/travel-photography-internship-in-multiple-locations-at-draftcraft-international1578744244,Lucknow,14 Jan'20,Travel Photography,,Immediately,Unpaid,NGO
171,29 Jan'20,Eduwaive Foundation,6 Months,/internship/detail/customer-success-management-internship-in-chandigarh-at-eduwaive-foundation1578953417,Chandigarh,14 Jan'20,Customer Success Management,,Immediately,6000 /Month,NGO
172,28 Jan'20,DraftCraft International,2 Weeks,/internship/detail/travel-writing-internship-in-multiple-locations-at-draftcraft-international1578743867,Lucknow,13 Jan'20,Travel Writing,,Immediately,Unpaid,NGO
173,28 Jan'20,Shrigadi Foundation,3 Months,/internship/detail/content-writing-work-from-home-job-internship-at-shrigadi-foundation1578677188,Work From Home,13 Jan'20,Content Writing,,Immediately,Unpaid,NGO
174,28 Jan'20,Subh Seva Trust,1 Month,/internship/detail/digital-marketing-part-time-job-internship-at-jaipur-in-subh-seva-trust1578736495,Jaipur,13 Jan'20,Digital Marketing,,Immediately,2000 /Month,NGO
175,28 Jan'20,Teach For Green,2 Months,/internship/detail/environmental-sustainability-internship-in-dehradun-at-teach-for-green1578635917,Dehradun,13 Jan'20,Environmental Sustainability,,Immediately,5000 /Month,NGO
176,28 Jan'20,Taransh,6 Months,/internship/detail/campus-ambassador-programme-at-taransh1578486696,Thane,13 Jan'20,Campus Ambassador,Performance Based,Immediately,,NGO
177,27 Jan'20,Milna,6 Months,/internship/detail/data-entry-internship-in-pune-at-milna1578910247,Pune,13 Jan'20,Data Entry,,Immediately,10000 /Month,NGO
178,27 Jan'20,Filternet Foundation,2 Months,/internship/detail/digital-marketing-internship-in-varanasi-at-filternet-foundation1578908743,Varanasi,13 Jan'20,Digital Marketing,,Immediately,3000 /Month,NGO
179,27 Jan'20,Youth Empowerment Foundation,2 Months,/internship/detail/video-making-editing-work-from-home-job-internship-at-youth-empowerment-foundation1578908616,Work From Home,13 Jan'20,Video Making & Editing,,Immediately,Unpaid,NGO
180,28 Jan'20,All India Technical And Management Council,4 Months,/internship/detail/mis-internship-in-gurgaon-at-all-india-technical-and-management-council1578898320,Gurgaon,13 Jan'20,MIS,,Immediately,5000 /Month,NGO
181,28 Jan'20,All India Technical And Management Council,4 Months,/internship/detail/business-development-sales-internship-in-gurgaon-at-all-india-technical-and-management-council1578898225,Gurgaon,13 Jan'20,Business Development (Sales),,Immediately,5000 /Month,NGO
182,27 Jan'20,Centre For Social And Behaviour Change Communication,3 Months,/internship/detail/social-media-management-internship-in-mumbai-at-centre-for-social-and-behaviour-change-communication1578897369,Mumbai,13 Jan'20,Social Media Management,,Immediately,Unpaid,NGO
183,28 Jan'20,AIESEC,6 Months,/internship/detail/marketing-part-time-job-internship-at-kolkata-howrah-in-aiesec1578589278,Kolkata,13 Jan'20,Marketing,,Immediately,Unpaid,NGO
184,28 Jan'20,AIESEC,6 Months,/internship/detail/business-development-sales-part-time-job-internship-at-kolkata-howrah-in-aiesec1578588885,Kolkata,13 Jan'20,Business Development (Sales),,Immediately,Unpaid,NGO
185,27 Jan'20,German Engineering Federation (VDMA),3 Months,/internship/detail/operations-internship-in-bangalore-at-german-engineering-federation-vdma1578891838,Bangalore,13 Jan'20,Operations,,Immediately,Unpaid,NGO
186,27 Jan'20,Sewa International,6 Weeks,/internship/detail/product-design-internship-in-karnaprayag-at-sewa-international1578891549,Karnaprayag,13 Jan'20,Product Design,,Immediately,Unpaid,NGO
187,28 Jan'20,Aikya,2 Weeks,/internship/detail/social-work-internship-in-mysuru-at-aikya1578573791,Mysuru,13 Jan'20,Social Work,,Immediately,Unpaid,NGO
188,28 Jan'20,Centre For Education & Health Research Organization,3 Months,/internship/detail/teaching-education-mentoring-part-time-job-internship-at-delhi-in-centre-for-education-health-research-organization1578876695,Delhi,13 Jan'20,Teaching & Education Mentoring),,Immediately,Unpaid,NGO
189,28 Jan'20,SPRAT - Society For Promoting Rationality,3 Months,/internship/detail/architecture-internship-in-ahmedabad-at-sprat-society-for-promoting-rationality1578576134,Ahmedabad,13 Jan'20,Architecture,,Immediately,5000 /Month,NGO
190,27 Jan'20,Intellify,6 Months,/internship/detail/operations-internship-in-delhi-at-intellify1578870790,Delhi,13 Jan'20,Operations,,Immediately,5000 /Month,NGO
191,28 Jan'20,Nanhe Pakshi,6 Weeks,/internship/detail/social-work-internship-in-delhi-at-nanhe-pakshi1578573587,Delhi,13 Jan'20,Social Work,,Immediately,Unpaid,NGO
192,27 Jan'20,Khoon,2 Months,/internship/detail/graphic-design-work-from-home-job-internship-at-khoon1578863575,Work From Home,13 Jan'20,Graphic Design,,Immediately,Unpaid,NGO
193,26 Jan'20,Intellify,1 Week,/internship/detail/marketing-work-from-home-job-internship-at-intellify1578813682,Work From Home,12 Jan'20,Marketing,,Immediately,Unpaid,NGO
194,27 Jan'20,Centre For Education & Health Research Organization,1 Month,/internship/detail/social-media-marketing-part-time-job-internship-at-delhi-in-centre-for-education-health-research-organization1578564582,Delhi,12 Jan'20,Social Media Marketing,,Immediately,Unpaid,NGO
195,27 Jan'20,Centre For Education & Health Research Organization,1 Month,/internship/detail/photography-part-time-job-internship-at-delhi-in-centre-for-education-health-research-organization1578563855,Delhi,12 Jan'20,Photography,,Immediately,Unpaid,NGO
196,25 Jan'20,Simit Bhagat,2 Months,/internship/detail/content-writing-work-from-home-job-internship-at-simit-bhagat1578762713,Work From Home,11 Jan'20,Content Writing,,Immediately,Unpaid,NGO
197,25 Jan'20,Khoon,3 Months,/internship/detail/social-media-marketing-work-from-home-job-internship-at-khoon1578762457,Work From Home,11 Jan'20,Social Media Marketing,,Immediately,Unpaid,NGO
198,25 Jan'20,Khoon,2 Months,/internship/detail/operations-work-from-home-job-internship-at-khoon1578762436,Work From Home,11 Jan'20,Operations,,Immediately,Unpaid,NGO
199,25 Jan'20,ANAHAT For Change Foundation,2 Months,/internship/detail/project-co-ordination-internship-in-kolkata-at-anahat-for-change-foundation1578742501,Kolkata,11 Jan'20,Project Co-ordination,,Immediately,2500-5000 /Month,NGO
200,25 Jan'20,ANAHAT For Change Foundation,2 Weeks,/internship/detail/web-development-internship-in-kolkata-behala-at-anahat-for-change-foundation1578741723,Kolkata,11 Jan'20,Web Development,,Immediately,Unpaid,NGO
201,25 Jan'20,Sewa International,2 Months,/internship/detail/graphic-design-internship-in-karnaprayag-at-sewa-international1578735113,Karnaprayag,11 Jan'20,Graphic Design,,Immediately,Unpaid,NGO
202,25 Jan'20,Love Heals Cancer,3 Months,/internship/detail/social-media-marketing-internship-in-mumbai-at-love-heals-cancer1578727535,Mumbai,11 Jan'20,Social Media Marketing,,Immediately,15000 /Month,NGO
203,25 Jan'20,Sangawari Agtrotech Foundation,2 Months,/internship/detail/mobile-app-development-work-from-home-job-internship-at-sangawari-agtrotech-foundation1578725577,Work From Home,11 Jan'20,Mobile App Development,,Immediately,Unpaid,NGO
204,25 Jan'20,Monk Prayogshala,6 Months,/internship/detail/human-resources-hr-work-from-home-job-internship-at-monk-prayogshala1578724658,Work From Home,11 Jan'20,Human Resources (HR),,Immediately,5000 /Month,NGO
205,25 Jan'20,Adore India,2 Months,/internship/detail/social-program-management-internship-in-kolkata-at-adore-india1578716814,Kolkata,11 Jan'20,Social Program Management,,Immediately,2000 /Month,NGO
206,25 Jan'20,Adore India,2 Months,/internship/detail/social-research-part-time-job-internship-at-multiple-locations-in-adore-india1578716704,Ahmedabad,11 Jan'20,Social Research,,Immediately,Unpaid,NGO
207,31 Jan'20,Akshaya Patra Foundation,1 Month,/internship/detail/marketing-internship-in-delhi-noida-at-akshaya-patra-foundation1578656378,Delhi,10 Jan'20,Marketing,,Immediately,Unpaid,NGO
208,31 Jan'20,Akshaya Patra Foundation,1 Month,/internship/detail/community-development-internship-in-delhi-noida-at-akshaya-patra-foundation1578656356,Delhi,10 Jan'20,Community Development,,Immediately,Unpaid,NGO
209,25 Jan'20,Niswarth: The Selfless,6 Months,/internship/detail/volunteering-part-time-job-internship-at-delhi-in-niswarth-the-selfless1578550316,Delhi,10 Jan'20,Volunteering,,Immediately,Unpaid,NGO
210,14 Feb'20,Aman Mathur Fashion Internships & Training Society,2 Months,/internship/detail/fashion-design-part-time-job-internship-at-lucknow-in-aman-mathur-fashion-internships-training-society1578653328,Lucknow,10 Jan'20,Fashion Design,,Immediately,Unpaid,NGO
211,25 Jan'20,Lakshhya Society,2 Months,/internship/detail/content-writing-work-from-home-job-internship-at-lakshhya-society1578649188,Work From Home,10 Jan'20,Content Writing,,Immediately,Unpaid,NGO
212,24 Jan'20,DEAN Foundation,6 Months,/internship/detail/marketing-internship-in-chennai-at-dean-foundation1578651515,Chennai,10 Jan'20,Marketing,,Immediately,7000-12000 /Month,NGO
213,24 Jan'20,DEAN Foundation,3 Months,/internship/detail/administration-part-time-job-internship-at-chennai-in-dean-foundation1578651405,Chennai,10 Jan'20,Administration,,Immediately,Unpaid,NGO
214,25 Jan'20,Subh Seva Trust,3 Weeks,/internship/detail/social-media-marketing-part-time-job-internship-at-jaipur-in-subh-seva-trust1578495103,Jaipur,10 Jan'20,Social Media Marketing,,Immediately,Unpaid,NGO
215,25 Jan'20,Yuva Rural Association,2 Months,/internship/detail/digital-marketing-work-from-home-job-internship-at-yuva-rural-association1578547441,Work From Home,10 Jan'20,Digital Marketing,,Immediately,1500-3000 /Month,NGO
216,25 Jan'20,United Way Chennai,1 Month,/internship/detail/social-media-marketing-part-time-job-internship-at-chennai-in-united-way-chennai1578631187,Chennai,10 Jan'20,Social Media Marketing,,Immediately,Unpaid,NGO
217,24 Jan'20,Rakshak Foundation,2 Months,/internship/detail/public-policy-research-internship-in-lucknow-ranchi-at-rakshak-foundation1578628795,Lucknow,10 Jan'20,Public Policy Research,,Immediately,10000 Lump-Sum,NGO
218,14 Feb'20,Youngistan Foundation,1 Month,/internship/detail/graphic-design-work-from-home-job-internship-at-youngistan-foundation1578501094,Work From Home,9 Jan'20,Graphic Design,,Immediately,Unpaid,NGO
219,23 Jan'20,Youth Empowerment Foundation,1 Month,/internship/detail/content-writing-work-from-home-job-internship-at-youth-empowerment-foundation1578579666,Work From Home,9 Jan'20,Content Writing,,Immediately,Unpaid,NGO
220,23 Jan'20,Nanhe Pakshi,3 Months,/internship/detail/photography-internship-in-delhi-at-nanhe-pakshi1578573670,Delhi,9 Jan'20,Photography,,Immediately,Unpaid,NGO
221,23 Jan'20,Eduwaive Foundation,6 Months,/internship/detail/internet-of-things-part-time-job-internship-at-chandigarh-in-eduwaive-foundation1578572414,Chandigarh,9 Jan'20,Internet Of Things,,Immediately,Unpaid,NGO
222,23 Jan'20,Eduwaive Foundation,6 Months,/internship/detail/blockchain-development-part-time-job-internship-at-chandigarh-in-eduwaive-foundation1578572366,Chandigarh,9 Jan'20,Blockchain Development,,Immediately,Unpaid,NGO
223,23 Jan'20,Eduwaive Foundation,6 Months,/internship/detail/angular-development-work-from-home-job-internship-at-eduwaive-foundation1578572034,Work From Home,9 Jan'20,Angular Development,,Immediately,Unpaid,NGO
224,23 Jan'20,New Barrackpore Navachetna Welfare Society,6 Months,/internship/detail/volunteering-internship-in-kolkata-at-new-barrackpore-navachetna-welfare-society1578560576,Kolkata,9 Jan'20,Volunteering,,Immediately,Unpaid,NGO
225,31 Jan'20,Concern India Foundation,3 Months,/internship/detail/marketing-internship-in-chennai-at-concern-india-foundation1578461116,Chennai,9 Jan'20,Marketing,,Immediately,Unpaid,NGO
226,13 Feb'20,New Barrackpore Navachetna Welfare Society,1 Week,/internship/detail/facebook-marketing-work-from-home-job-internship-at-new-barrackpore-navachetna-welfare-society1578551243,Work From Home,9 Jan'20,Facebook Marketing,,Immediately,Unpaid,NGO
227,23 Jan'20,AccelerateSD,2 Months,/internship/detail/web-development-internship-in-hyderabad-at-acceleratesd1578549865,Hyderabad,9 Jan'20,Web Development,,Immediately,3000 /Month,NGO
228,24 Jan'20,All India Technical And Management Council,3 Months,/internship/detail/social-media-marketing-internship-in-gurgaon-at-all-india-technical-and-management-council1578462439,Gurgaon,9 Jan'20,Social Media Marketing,,Immediately,8000 /Month,NGO
229,24 Jan'20,All India Technical And Management Council,3 Months,/internship/detail/operations-internship-in-gurgaon-at-all-india-technical-and-management-council1578548889,Gurgaon,9 Jan'20,Operations,,Immediately,8000 /Month,NGO
230,24 Jan'20,All India Technical And Management Council,3 Months,/internship/detail/accounts-internship-in-gurgaon-at-all-india-technical-and-management-council1578462254,Gurgaon,9 Jan'20,Accounts,,Immediately,8000 /Month,NGO
231,24 Jan'20,Yuva Rural Association,3 Months,/internship/detail/marketing-part-time-job-internship-at-nagpur-in-yuva-rural-association1578406213,Nagpur,9 Jan'20,Marketing,,Immediately,Unpaid,NGO
232,24 Jan'20,Aikya,6 Months,/internship/detail/campus-ambassador-programme-at-aikya1578396538,Work From Home,9 Jan'20,Campus Ambassador,Performance Based,Immediately,,NGO
233,24 Jan'20,Aikya,1 Month,/internship/detail/content-writing-internship-in-bangalore-at-aikya1578542420,Bangalore,9 Jan'20,Content Writing,,Immediately,Unpaid,NGO
234,23 Jan'20,Intellify,2 Months,/internship/detail/telecalling-internship-in-delhi-at-intellify1578542026,Delhi,9 Jan'20,Telecalling,,Immediately,3000-5000 /Month,NGO
235,24 Jan'20,Aarogya Seva,2 Months,/internship/detail/executive-assistance-internship-in-bangalore-at-aarogya-seva1578523583,Bangalore,9 Jan'20,Executive Assistance,,Immediately,10000 /Month,NGO
236,24 Jan'20,Alankaar India,3 Months,/internship/detail/social-work-part-time-job-internship-at-gurgaon-in-alankaar-india1578397460,Gurgaon,9 Jan'20,Social Work,,Immediately,3000 /Month,NGO
237,23 Jan'20,Simply Blood,3 Months,/internship/detail/content-writing-work-from-home-job-internship-at-simply-blood1577979563,Work From Home,8 Jan'20,Content Writing,,Immediately,Unpaid,NGO
238,23 Jan'20,Simply Blood,2 Months,/internship/detail/videography-part-time-job-internship-at-noida-delhi-in-simply-blood1577980140,Noida,8 Jan'20,Videography,,Immediately,500 /Per Video Successfully Delivered,NGO
239,23 Jan'20,Simply Blood,2 Months,/internship/detail/web-development-work-from-home-job-internship-at-simply-blood1577979763,Work From Home,8 Jan'20,Web Development,,Immediately,Unpaid,NGO
240,23 Jan'20,Aikya,1 Month,/internship/detail/content-writing-internship-in-rajajinagar-at-aikya1578394560,Rajajinagar,8 Jan'20,Content Writing,,Immediately,Unpaid,NGO
241,23 Jan'20,DraftCraft International,2 Weeks,/internship/detail/anthropological-studies-internship-in-multiple-locations-at-draftcraft-international1578318379,Vasco Da Gama,8 Jan'20,Anthropological Studies,,Immediately,Unpaid,NGO
242,23 Jan'20,Hamari Pahchan NGO,1 Month,/internship/detail/volunteering-internship-in-delhi-at-hamari-pahchan-ngo1578481791,Delhi,8 Jan'20,Volunteering,,Immediately,1000-3000 /Month,NGO
243,23 Jan'20,Nidhi Foundation,3 Months,/internship/detail/program-coordination-internship-in-delhi-noida-at-nidhi-foundation1578476779,Delhi,8 Jan'20,Program Coordination,,Immediately,5000 /Month,NGO
244,22 Jan'20,HAMRAAH FOUNDATION,2 Months,/internship/detail/graphic-design-work-from-home-job-internship-at-hamraah-foundation1578475849,Work From Home,8 Jan'20,Graphic Design,,Immediately,Unpaid,NGO
245,22 Jan'20,Youth Development Committee,4 Months,/internship/detail/graphic-design-work-from-home-job-internship-at-youth-development-committee1578473873,Work From Home,8 Jan'20,Graphic Design,,Immediately,Unpaid,NGO
246,22 Jan'20,Reach Out And Pass It On,3 Months,/internship/detail/teaching-part-time-job-internship-at-delhi-in-reach-out-and-pass-it-on1578469418,Delhi,8 Jan'20,Teaching,,Immediately,Unpaid,NGO
247,31 Jan'20,ANAHAT For Change Foundation,6 Months,/internship/detail/teaching-part-time-job-internship-at-kolkata-behala-in-anahat-for-change-foundation1578468395,Kolkata,8 Jan'20,Teaching,,Immediately,Unpaid,NGO
248,23 Jan'20,Sciensation Society,2 Months,/internship/detail/ux-design-internship-in-hyderabad-at-sciensation-society1578467902,Hyderabad,8 Jan'20,(UX) Design,,Immediately,12000 /Month,NGO
249,22 Jan'20,The Nudge Foundation,3 Months,/internship/detail/video-making-editing-part-time-job-internship-at-bangalore-in-the-nudge-foundation1578466418,Bangalore,8 Jan'20,Video Making/Editing,,Immediately,5000-10000 /Month,NGO
250,23 Jan'20,Dhai Akshar Educational Trust,3 Months,/internship/detail/teaching-part-time-job-internship-at-mumbai-in-dhai-akshar-educational-trust1578309376,Mumbai,8 Jan'20,Teaching,,Immediately,1000 /Month,NGO
251,23 Jan'20,DraftCraft International,2 Weeks,/internship/detail/policy-research-internship-in-multiple-locations-at-draftcraft-international1578318256,Vasco Da Gama,8 Jan'20,Policy Research,,Immediately,Unpaid,NGO
252,23 Jan'20,DraftCraft International,2 Weeks,/internship/detail/mass-media-internship-in-multiple-locations-at-draftcraft-international1578317139,Panjim,8 Jan'20,Mass Media,,Immediately,Unpaid,NGO
253,23 Jan'20,DraftCraft International,2 Weeks,/internship/detail/social-justice-gender-rights-internship-in-multiple-locations-at-draftcraft-international1578317342,Panjim,8 Jan'20,Social Justice (Gender Rights),,Immediately,Unpaid,NGO
254,23 Jan'20,Streedhan Association For Women's Development,3 Months,/internship/detail/event-management-work-from-home-job-internship-at-streedhan-association-for-womens-development1578311394,Work From Home,8 Jan'20,Event Management,,Immediately,Unpaid,NGO
255,23 Jan'20,Streedhan Association For Women's Development,3 Months,/internship/detail/social-media-marketing-work-from-home-job-internship-at-streedhan-association-for-womens-development1578311695,Work From Home,8 Jan'20,Social Media Marketing,,Immediately,Unpaid,NGO
256,22 Jan'20,For Women In India,3 Months,/internship/detail/research-human-rights-work-from-home-job-internship-at-for-women-in-india1578438334,Work From Home,8 Jan'20,Research (Human Rights),,Immediately,Unpaid,NGO
257,21 Jan'20,Intellify,3 Months,/internship/detail/business-development-sales-internship-in-delhi-at-intellify1578420627,Delhi,7 Jan'20,Business Development (Sales),,Immediately,5000 /Month,NGO
258,21 Jan'20,Intellify,1 Week,/internship/detail/research-work-from-home-job-internship-at-intellify1578418070,Work From Home,7 Jan'20,Research,,Immediately,Unpaid,NGO
259,21 Jan'20,Intellify,1 Week,/internship/detail/human-resources-hr-work-from-home-job-internship-at-intellify1578417887,Work From Home,7 Jan'20,Human Resources (HR),,Immediately,Unpaid,NGO
260,21 Jan'20,Intellify,1 Week,/internship/detail/social-media-marketing-work-from-home-job-internship-at-intellify1578417788,Work From Home,7 Jan'20,Social Media Marketing,,Immediately,Unpaid,NGO
261,21 Jan'20,Intellify,1 Week,/internship/detail/content-writing-work-from-home-job-internship-at-intellify1578417552,Work From Home,7 Jan'20,Content Writing,,Immediately,Unpaid,NGO
262,22 Jan'20,DraftCraft International,2 Weeks,/internship/detail/international-affairs-internship-in-multiple-locations-at-draftcraft-international1578317583,Panjim,7 Jan'20,International Affairs,,Immediately,Unpaid,NGO
263,22 Jan'20,DraftCraft International,2 Weeks,/internship/detail/film-studies-internship-in-multiple-locations-at-draftcraft-international1578317947,Panjim,7 Jan'20,Film Studies,,Immediately,Unpaid,NGO
264,21 Jan'20,Aarogya Seva,2 Months,/internship/detail/event-planning-part-time-job-internship-at-bangalore-in-aarogya-seva1578399346,Bangalore,7 Jan'20,Event Planning,,Immediately,Unpaid,NGO
265,22 Jan'20,The/Nudge Foundation,3 Months,/internship/detail/graphic-design-internship-in-bangalore-at-the-nudge-foundation1578304246,Bangalore,7 Jan'20,Graphic Design,,Immediately,8000-10000 /Month,NGO
266,21 Jan'20,Art Culture Festival,3 Months,/internship/detail/media-public-relations-pr-internship-in-delhi-at-art-culture-festival1578394723,Delhi,7 Jan'20,Media & Public Relations (PR),,Immediately,7500 /Month,NGO
267,21 Jan'20,Art Culture Festival,3 Months,/internship/detail/event-management-internship-in-delhi-at-art-culture-festival1578394452,Delhi,7 Jan'20,Event Management,,Immediately,5000-10000 /Month,NGO
268,21 Jan'20,Art Culture Festival,2 Months,/internship/detail/marketing-internship-in-delhi-at-art-culture-festival1578394349,Delhi,7 Jan'20,Marketing,,Immediately,10000 /Month,NGO
269,22 Jan'20,Connecting Dreams Foundation,3 Months,/internship/detail/content-writing-part-time-job-internship-at-mumbai-dadar-in-connecting-dreams-foundation1578297463,Mumbai,7 Jan'20,Content Writing,,Immediately,Unpaid,NGO
270,22 Jan'20,Dhai Akshar Educational Trust,3 Months,/internship/detail/teaching-part-time-job-internship-at-mumbai-in-dhai-akshar-educational-trust1577965877,Mumbai,7 Jan'20,Teaching,,Immediately,1000 /Month,NGO
271,21 Jan'20,Dight International Chambers,4 Months,/internship/detail/business-development-sales-part-time-job-internship-at-south-west-delhi-delhi-in-dight-international-chambers1578384855,South West Delhi,7 Jan'20,Business Development (Sales),,Immediately,10000 /Month,NGO
272,21 Jan'20,Simit Bhagat,2 Months,/internship/detail/video-editing-part-time-job-internship-at-mumbai-in-simit-bhagat1578384048,Mumbai,7 Jan'20,Video Editing,,Immediately,2000 /Month,NGO
273,21 Jan'20,Commondove,3 Months,/internship/detail/research-and-analytics-work-from-home-job-internship-at-commondove1578378986,Work From Home,7 Jan'20,Research And Analytics,,Immediately,Unpaid,NGO
274,21 Jan'20,Blind Persons Association,3 Months,/internship/detail/volunteering-internship-part-time-job-internship-at-delhi-in-blind-persons-association1578375297,Delhi,7 Jan'20,Volunteering Internship,,Immediately,Unpaid,NGO
275,22 Jan'20,All India Hope Line Welfare Charitable Youth Society,6 Months,/internship/detail/marketing-internship-in-jamshedpur-at-all-india-hope-line-welfare-charitable-youth-society1578234772,Jamshedpur,7 Jan'20,Marketing,,Immediately,8000 /Month,NGO
276,22 Jan'20,Rishi Valmiki Eco School,3 Months,/internship/detail/social-media-marketing-work-from-home-job-internship-at-rishi-valmiki-eco-school1578234558,Work From Home,7 Jan'20,Social Media Marketing,,Immediately,Unpaid,NGO
277,21 Jan'20,WERP-India,2 Months,/internship/detail/human-resources-hr-work-from-home-job-internship-at-werp-india1578343681,Work From Home,7 Jan'20,Human Resources (HR),,Immediately,Unpaid,NGO
278,20 Jan'20,DraftCraft International,2 Weeks,/internship/detail/law-legal-internship-in-multiple-locations-at-draftcraft-international1578316811,Panjim,6 Jan'20,Law/ Legal,,Immediately,Unpaid,NGO
279,21 Jan'20,Swasti,4 Months,/internship/detail/technology-development-internship-in-bangalore-at-swasti1577967409,Bangalore,6 Jan'20,Technology Development,,Immediately,Unpaid,NGO
280,21 Jan'20,GiveIndia,2 Months,/internship/detail/customer-engagement-internship-in-bangalore-at-giveindia1578053158,Bangalore,6 Jan'20,Customer Engagement,,Immediately,7000 /Month,NGO
281,21 Jan'20,Hamari Pahchan NGO,1 Month,/internship/detail/video-making-editing-internship-in-delhi-at-hamari-pahchan-ngo1578124181,Delhi,6 Jan'20,Video Making/Editing,,Immediately,1000-3000 /Month,NGO
282,20 Jan'20,Connecting Dreams Foundation,2 Months,/internship/detail/event-management-internship-in-mumbai-dadar-at-connecting-dreams-foundation1578297638,Mumbai,6 Jan'20,Event Management,,Immediately,4000 /Month,NGO
283,20 Jan'20,Centre For Social And Behaviour Change Communication,3 Months,/internship/detail/teaching-psychology-internship-in-mumbai-at-centre-for-social-and-behaviour-change-communication1578295464,Mumbai,6 Jan'20,Teaching (Psychology),,Immediately,Unpaid,NGO
284,20 Jan'20,Community Action Through Motivation Program,3 Months,/internship/detail/human-resources-hr-internship-in-sundergarh-at-community-action-through-motivation-program1578295219,Sundergarh,6 Jan'20,Human Resources (HR),,Immediately,5000 /Month,NGO
285,21 Jan'20,Milna,6 Months,/internship/detail/business-development-sales-internship-in-pune-at-milna1578085623,Pune,6 Jan'20,Business Development (Sales),,Immediately,30000 /Month,NGO
286,21 Jan'20,Our Voix,3 Months,/internship/detail/business-development-sales-internship-in-delhi-at-our-voix1578063566,Delhi,6 Jan'20,Business Development (Sales),,Immediately,Unpaid,NGO
287,21 Jan'20,Hamari Pahchan NGO,1 Month,/internship/detail/campus-ambassador-programme-at-hamari-pahchan-ngo1578124374,Delhi,6 Jan'20,Campus Ambassador,Performance Based,Immediately,,NGO
288,20 Jan'20,Computational Intelligence Research Foundation,6 Months,/internship/detail/mobile-app-development-internship-in-chennai-at-computational-intelligence-research-foundation1578286659,Chennai,6 Jan'20,Mobile App Development,,Immediately,Unpaid,NGO
289,21 Jan'20,Sukhibhava,15 Months,/internship/detail/the-period-fellowship-internship-in-multiple-locations-at-sukhibhava1578284669,Bhopal,6 Jan'20,The Period Fellowship,,15 May'20 - 6 Oct'21,25000 /Month,NGO
290,21 Jan'20,Shivanjali,1 Month,/internship/detail/fundraising-work-from-home-job-internship-at-shivanjali1578036549,Work From Home,6 Jan'20,Fundraising,,Immediately,1000-3000 Lump-Sum,NGO
291,20 Jan'20,Aarogya Seva,2 Months,/internship/detail/research-assistant-part-time-job-internship-at-bangalore-in-aarogya-seva1578285990,Bangalore,6 Jan'20,Research Assistant,,Immediately,Unpaid,NGO
292,25 Jan'20,Sewa International,2 Months,/internship/detail/web-development-internship-in-karnaprayag-at-sewa-international1578036277,Karnaprayag,6 Jan'20,Web Development,,Immediately,Unpaid,NGO
293,20 Jan'20,WERP-India,3 Months,/internship/detail/mobile-app-development-work-from-home-job-internship-at-werp-india1578253825,Work From Home,6 Jan'20,Mobile App Development,,Immediately,Unpaid,NGO
294,20 Jan'20,WERP-India,2 Months,/internship/detail/online-personal-assistant-pa-work-from-home-job-internship-at-werp-india1578253744,Work From Home,6 Jan'20,Online Personal Assistant (PA),,Immediately,Unpaid,NGO
295,20 Jan'20,WERP-India,2 Months,/internship/detail/web-development-work-from-home-job-internship-at-werp-india1578253173,Work From Home,6 Jan'20,Web Development,,Immediately,Unpaid,NGO
296,20 Jan'20,Milna,1 Month,/internship/detail/hospitality-internship-in-multiple-locations-at-milna1578248567,Delhi,5 Jan'20,Hospitality,,20 Mar - 20 Apr'20,40000 /Month,NGO
297,19 Jan'20,Foundation for Restoration of National Values,2 Months,/internship/detail/operations-internship-in-delhi-at-foundation-for-restoration-of-national-values1578239992,Delhi,5 Jan'20,Operations,,Immediately,Unpaid,NGO
298,9 Feb'20,New Barrackpore Navachetna Welfare Society,2 Weeks,/internship/detail/human-resources-hr-work-from-home-job-internship-at-new-barrackpore-navachetna-welfare-society1578238008,Work From Home,5 Jan'20,Human Resources (HR),,Immediately,Unpaid,NGO
299,19 Jan'20,Art Culture Festival,3 Months,/internship/detail/social-media-marketing-internship-in-delhi-at-art-culture-festival1578227513,Delhi,5 Jan'20,Social Media Marketing,,Immediately,15000 /Month,NGO
300,9 Feb'20,RamaKrishna Mission,2 Months,/internship/detail/value-education-facilitation-internship-in-delhi-at-ramakrishna-mission1578167619,Delhi,5 Jan'20,Value Education Facilitation,,Immediately,10000 /Month,NGO
301,29 Jan'20,Madhuvan Foundation,3 Months,/internship/detail/fundraising-work-from-home-job-internship-at-madhuvan-foundation1578150063,Work From Home,4 Jan'20,Fundraising,,Immediately,Unpaid,NGO
302,18 Jan'20,Community Action Through Motivation Program,3 Months,/internship/detail/human-resources-hr-internship-in-dehradun-at-community-action-through-motivation-program1578131792,Dehradun,4 Jan'20,Human Resources (HR),,Immediately,Unpaid,NGO
303,18 Jan'20,Hamari Pahchan NGO,2 Months,/internship/detail/news-reporting-internship-in-delhi-at-hamari-pahchan-ngo1578124131,Delhi,4 Jan'20,News Reporting,,Immediately,2000 /Month,NGO
304,18 Jan'20,Hamari Pahchan NGO,2 Months,/internship/detail/volunteering-digital-media-part-time-job-internship-at-delhi-in-hamari-pahchan-ngo1578124061,Delhi,4 Jan'20,Volunteering & Digital Media,,Immediately,1000 /Month,NGO
305,18 Jan'20,Youth Development Committee,5 Months,/internship/detail/content-writing-work-from-home-job-internship-at-youth-development-committee1578121680,Work From Home,4 Jan'20,Content Writing,,Immediately,Unpaid,NGO
306,18 Jan'20,Sciensation Society,1 Month,/internship/detail/research-evangelism-internship-in-hyderabad-at-sciensation-society1578110399,Hyderabad,4 Jan'20,Research Evangelism,,Immediately,8000 /Month,NGO
307,18 Jan'20,IdealVillage,3 Months,/internship/detail/front-end-development-work-from-home-job-internship-at-idealvillage1578077307,Work From Home,4 Jan'20,Front End Development,,Immediately,Unpaid,NGO
308,18 Jan'20,IdealVillage,3 Months,/internship/detail/web-development-work-from-home-job-internship-at-idealvillage1578077292,Work From Home,4 Jan'20,Web Development,,Immediately,Unpaid,NGO
309,31 Jan'20,Foundation Of Healthcare Technologies Society,2 Months,/internship/detail/social-work-internship-in-delhi-at-foundation-of-healthcare-technologies-society1577960819,Delhi,3 Jan'20,Social Work,,Immediately,Unpaid,NGO
310,31 Jan'20,Kilkaari Bachpan Ki,6 Months,/internship/detail/teaching-internship-in-noida-at-kilkaari-bachpan-ki1578031095,Noida,3 Jan'20,Teaching,,Immediately,Unpaid,NGO
311,18 Jan'20,Youth Empowerment Foundation,2 Months,/internship/detail/social-work-part-time-job-internship-at-delhi-in-youth-empowerment-foundation1577954478,Delhi,3 Jan'20,Social Work,,Immediately,Unpaid,NGO
312,18 Jan'20,Earth5R,3 Months,/internship/detail/environmental-sciences-work-from-home-job-internship-at-earth5r1578027963,Work From Home,3 Jan'20,Environmental Sciences,,Immediately,Unpaid,NGO
313,18 Jan'20,YUVA Foundation,1 Month,/internship/detail/graphic-design-internship-in-noida-at-yuva-foundation1577946406,Noida,3 Jan'20,Graphic Design,,Immediately,10000 /Month,NGO
314,7 Feb'20,Girls X Tech,6 Months,/internship/detail/volunteering-part-time-job-internship-at-multiple-locations-in-girls-x-tech1577986885,Amritsar,2 Jan'20,Volunteering,,Immediately,Unpaid,NGO
315,31 Jan'20,Reliable Helping Hands,3 Months,/internship/detail/web-development-work-from-home-job-internship-at-reliable-helping-hands1577952924,Work From Home,2 Jan'20,Web Development,,Immediately,Unpaid,NGO
316,31 Jan'20,Tinka Tinka Foundation,1 Month,/internship/detail/graphic-design-work-from-home-job-internship-at-tinka-tinka-foundation1577870553,Work From Home,1 Jan'20,Graphic Design,,Immediately,Unpaid,NGO
317,5 Feb'20,SEWA,6 Weeks,/internship/detail/web-development-internship-in-guwahati-jorhat-at-sewa1577898607,Guwahati,1 Jan'20,Web Development,,Immediately,Unpaid,NGO
318,5 Feb'20,INDIA Redefined,2 Weeks,/internship/detail/social-work-work-from-home-job-internship-at-india-redefined1577431675,Work From Home,31 Dec'19,Social Work,,Immediately,Unpaid,NGO
319,31 Jan'20,Foundation Of Healthcare Technologies Society,2 Months,/internship/detail/public-health-internship-in-delhi-at-foundation-of-healthcare-technologies-society1577793400,Delhi,31 Dec'19,Public Health,,Immediately,Unpaid,NGO
320,31 Jan'20,Indian National Youth Foundation,2 Months,/internship/detail/operations-work-from-home-job-internship-at-indian-national-youth-foundation1577555309,Work From Home,31 Dec'19,Operations,,Immediately,Unpaid,NGO
321,31 Jan'20,Indian National Youth Foundation,2 Months,/internship/detail/social-media-marketing-work-from-home-job-internship-at-indian-national-youth-foundation1577553007,Work From Home,31 Dec'19,Social Media Marketing,,Immediately,Unpaid,NGO
322,24 Jan'20,German Engineering Federation (VDMA),3 Months,/internship/detail/operations-internship-in-kolkata-at-german-engineering-federation-vdma1577706152,Kolkata,30 Dec'19,Operations,,Immediately,Unpaid,NGO
323,4 Feb'20,Mission Learning Foundation,6 Months,/internship/detail/social-work-internship-in-ranchi-at-mission-learning-foundation1577702745,Ranchi,30 Dec'19,Social Work,,Immediately,Unpaid,NGO
324,31 Jan'20,GRIP At The Sparks Foundation,2 Months,/internship/detail/campus-ambassador-programme-at-grip-at-the-sparks-foundation1577014083,Work From Home,30 Dec'19,Campus Ambassador,Performance Based,Immediately,,NGO
325,26 Jan'20,Khushiyaan Association,2 Weeks,/internship/detail/marketing-work-from-home-job-internship-at-khushiyaan-association1577509419,Work From Home,30 Dec'19,Marketing,,Immediately,100 Lump-Sum +  Incentives,NGO
326,31 Jan'20,Navdhara Foundation,2 Months,/internship/detail/social-work-part-time-job-internship-at-varanasi-in-navdhara-foundation1577355783,Varanasi,30 Dec'19,Social Work,,Immediately,Unpaid,NGO
327,31 Jan'20,Space Renaissance Indian Chapter,6 Months,/internship/detail/volunteering-work-from-home-job-internship-at-space-renaissance-indian-chapter1577421747,Work From Home,27 Dec'19,Volunteering,,Immediately,Unpaid,NGO
328,30 Jan'20,Happy Life Foundation,6 Months,/internship/detail/content-writing-work-from-home-job-internship-at-happy-life-foundation1577370938,Work From Home,26 Dec'19,Content Writing,,Immediately,Unpaid,NGO
329,27 Jan'20,Womenite,2 Months,/internship/detail/photography-part-time-job-internship-at-delhi-in-womenite1577091117,Delhi,23 Dec'19,Photography,,Immediately,Unpaid,NGO
330,25 Jan'20,Aashman Foundation,3 Months,/internship/detail/human-resources-hr-part-time-job-internship-at-multiple-locations-in-aashman-foundation1576915688,Delhi,21 Dec'19,Human Resources (HR),,Immediately,Unpaid,NGO
331,25 Jan'20,Aashman Foundation,3 Months,/internship/detail/social-media-marketing-work-from-home-job-internship-at-aashman-foundation1576915619,Work From Home,21 Dec'19,Social Media Marketing,,Immediately,Unpaid,NGO
332,25 Jan'20,Aashman Foundation,3 Months,/internship/detail/teaching-part-time-job-internship-at-delhi-in-aashman-foundation1576915598,Delhi,21 Dec'19,Teaching,,Immediately,Unpaid,NGO
333,24 Jan'20,Womenite,1 Month,/internship/detail/operations-internship-in-delhi-at-womenite1576859029,Delhi,20 Dec'19,Operations,,Immediately,Unpaid,NGO
334,24 Jan'20,Womenite,2 Months,/internship/detail/human-resources-hr-work-from-home-job-internship-at-womenite1576858888,Work From Home,20 Dec'19,Human Resources (HR),,Immediately,Unpaid,NGO
335,24 Jan'20,Womenite,2 Months,/internship/detail/graphic-design-work-from-home-job-internship-at-womenite1576858870,Work From Home,20 Dec'19,Graphic Design,,Immediately,Unpaid,NGO
336,24 Jan'20,Womenite,3 Months,/internship/detail/content-writing-work-from-home-job-internship-at-womenite1576858851,Work From Home,20 Dec'19,Content Writing,,Immediately,Unpaid,NGO
337,24 Jan'20,Womenite,3 Months,/internship/detail/search-engine-optimization-seo-work-from-home-job-internship-at-womenite1576827730,Work From Home,20 Dec'19,Search Engine Optimization (SEO),,Immediately,Unpaid,NGO
338,24 Jan'20,Womenite,3 Months,/internship/detail/corporate-social-responsibility-work-from-home-job-internship-at-womenite1576827722,Work From Home,20 Dec'19,Corporate Social Responsibility,,Immediately,Unpaid,NGO
339,24 Jan'20,Womenite,2 Months,/internship/detail/teaching-internship-in-delhi-at-womenite1576827702,Delhi,20 Dec'19,Teaching,,Immediately,Unpaid,NGO
340,24 Jan'20,Womenite,2 Weeks,/internship/detail/volunteering-internship-in-delhi-at-womenite1576827687,Delhi,20 Dec'19,Volunteering,,Immediately,Unpaid,NGO
341,24 Jan'20,Womenite,3 Months,/internship/detail/workshop-facilitator-part-time-job-internship-at-delhi-in-womenite1576827465,Delhi,20 Dec'19,Workshop Facilitator,,Immediately,Unpaid,NGO
342,21 Jan'20,Tinka Tinka Foundation,1 Month,/internship/detail/content-writing-part-time-job-internship-at-delhi-in-tinka-tinka-foundation1576504302,Delhi,19 Dec'19,Content Writing,,Immediately,Unpaid,NGO
343,22 Jan'20,Niswarth: The Selfless,4 Months,/internship/detail/volunteering-part-time-job-internship-at-multiple-locations-in-niswarth-the-selfless1576661391,Delhi,18 Dec'19,Volunteering,,Immediately,Unpaid,NGO
344,23 Jan'20,Happy Life Foundation,6 Months,/internship/detail/graphic-design-work-from-home-job-internship-at-happy-life-foundation1576507096,Work From Home,18 Dec'19,Graphic Design,,Immediately,Unpaid,NGO
345,22 Jan'20,Mission Learning Foundation,6 Months,/internship/detail/teaching-part-time-job-internship-at-ranchi-in-mission-learning-foundation1576564547,Ranchi,17 Dec'19,Teaching,,Immediately,Unpaid,NGO
346,21 Jan'20,Aashman Foundation,3 Months,/internship/detail/business-research-part-time-job-internship-at-multiple-locations-in-aashman-foundation1576333049,Chandigarh,16 Dec'19,Business Research,,Immediately,Unpaid,NGO
347,21 Jan'20,Aashman Foundation,3 Months,/internship/detail/backend-development-part-time-job-internship-at-multiple-locations-in-aashman-foundation1576333176,Chandigarh,16 Dec'19,Backend Development,,Immediately,Unpaid,NGO
348,21 Jan'20,INDIA Redefined,1 Month,/internship/detail/fundraising-work-from-home-job-internship-at-india-redefined1576309391,Work From Home,16 Dec'19,Fundraising,,Immediately,Unpaid,NGO
349,21 Jan'20,Aashman Foundation,6 Months,/internship/detail/animation-part-time-job-internship-at-multiple-locations-in-aashman-foundation1576236513,Chandigarh,16 Dec'19,Animation,,Immediately,Unpaid,NGO
350,21 Jan'20,Aashman Foundation,6 Months,/internship/detail/operations-part-time-job-internship-at-multiple-locations-in-aashman-foundation1576235412,Chandigarh,16 Dec'19,Operations,,Immediately,Unpaid,NGO
351,21 Jan'20,Aashman Foundation,6 Months,/internship/detail/social-work-part-time-job-internship-at-multiple-locations-in-aashman-foundation1576235617,Chandigarh,16 Dec'19,Social Work,,Immediately,Unpaid,NGO
352,21 Jan'20,Aashman Foundation,6 Months,/internship/detail/business-development-sales-internship-in-multiple-locations-at-aashman-foundation1576233170,Chandigarh,16 Dec'19,Business Development (Sales),,Immediately,10000 /Month,NGO
353,19 Jan'20,Project Neev,3 Months,/internship/detail/teaching-part-time-job-internship-at-mumbai-in-project-neev1576393325,Mumbai,15 Dec'19,Teaching,,Immediately,Unpaid,NGO
354,18 Jan'20,Aashman Foundation,6 Months,/internship/detail/marketing-internship-in-multiple-locations-at-aashman-foundation1576333437,Chandigarh,14 Dec'19,Marketing,,Immediately,10000-15000 /Month,NGO
355,18 Jan'20,Aashman Foundation,3 Months,/internship/detail/content-writing-part-time-job-internship-at-multiple-locations-in-aashman-foundation1576333311,Chandigarh,14 Dec'19,Content Writing,,Immediately,Unpaid,NGO
356,18 Jan'20,NewsGram,6 Months,/internship/detail/video-making-editing-work-from-home-job-internship-at-newsgram1576149862,Work From Home,13 Dec'19,Video Making/Editing,,Immediately,30000 Lump-Sum,NGO
357,Not Provided,OneWorld South Asia,Not Provided,/internship/detail/internship-at-oneworld-south-asia1567430465,Delhi,2 Sep'19,Multiple Profiles,,Not Provided,Not provided,NGO
358,Not Provided,Bhumi,Not Provided,/internship/detail/internship-at-bhumi1565887968,Chennai,15 Aug'19,Volunteering,,Not Provided,Not provided,NGO
