,Apply,Company,Duration,Link,Location,Posted,Profile,Start,Stipend,Tag
0,19 Feb'20,MAYAPURI GROUP,3 Months,/internship/detail/search-engine-optimization-seo-internship-in-delhi-at-mayapuri-group1579074213,Delhi,15 Jan'20,Search Engine Optimization (SEO),Immediately,5000 /Month,Search Engine Optimization (SEO)
1,25 Jan'20,Viacom India LLP,2 Months,/internship/detail/search-engine-optimization-seo-internship-in-delhi-gurgaon-at-viacom-india-llp1577202052,Delhi,30 Dec'19,Search Engine Optimization (SEO),Immediately,3000-5000 /Month,Search Engine Optimization (SEO)
2,1 Feb'20,ClickRetina,3 Months,/internship/detail/search-engine-optimization-seo-internship-in-lucknow-at-clickretina1579340437,Lucknow,18 Jan'20,Search Engine Optimization (SEO),Immediately,3000-5000 /Month,Search Engine Optimization (SEO)
3,2 Feb'20,Registration Arena,6 Months,/internship/detail/content-writing-internship-in-kasarwadi-at-registration-arena1579179203,Kasarwadi,18 Jan'20,Content Writing,Immediately,6000-10000 /Month,Search Engine Optimization (SEO)
4,2 Feb'20,Easofy.com,6 Months,/internship/detail/search-engine-optimization-seo-internship-in-noida-at-easofycom1579329024,Noida,18 Jan'20,Search Engine Optimization (SEO),Immediately,5000-7000 /Month,Search Engine Optimization (SEO)
5,1 Feb'20,Chargemiles Technology Private Limited,6 Months,/internship/detail/digital-marketing-seo-smm-part-time-job-internship-at-bangalore-in-chargemiles-technology-private-limited1579325834,Bangalore,18 Jan'20,Digital Marketing & SEO/SMM,Immediately,8000-12000 /Month,Search Engine Optimization (SEO)
6,2 Feb'20,LAABHAM Technologies Private Limited,2 Months,/internship/detail/digital-marketing-internship-in-indore-at-laabham-technologies-private-limited1579305780,Indore,18 Jan'20,Digital Marketing,Immediately,2000 /Month,Search Engine Optimization (SEO)
7,2 Feb'20,Carnivents,3 Months,/internship/detail/digital-marketing-internship-in-hyderabad-at-carnivents1579169157,Hyderabad,18 Jan'20,Digital Marketing,Immediately,8000 /Month,Search Engine Optimization (SEO)
8,2 Feb'20,Aemorio,3 Months,/internship/detail/search-engine-optimization-seo-internship-in-jaipur-at-aemorio1579299609,Jaipur,18 Jan'20,Search Engine Optimization (SEO),Immediately,2000 /Month,Search Engine Optimization (SEO)
9,31 Jan'20,Mintlogix Solutions Private Limited,6 Months,/internship/detail/search-engine-optimization-seo-internship-in-noida-at-mintlogix-solutions-private-limited1579267378,Noida,17 Jan'20,Search Engine Optimization (SEO),Immediately,3000-5000 /Month,Search Engine Optimization (SEO)
10,31 Jan'20,Hobotreks,2 Months,/internship/detail/search-engine-optimization-seo-work-from-home-job-internship-at-hobotreks1579256194,Work From Home,17 Jan'20,Search Engine Optimization (SEO),Immediately,2500 /Month,Search Engine Optimization (SEO)
11,31 Jan'20,Chargemiles Technology Private Limited,6 Months,/internship/detail/digital-marketing-seo-smm-part-time-job-internship-at-mumbai-in-chargemiles-technology-private-limited1579252129,Mumbai,17 Jan'20,Digital Marketing & SEO/SMM,Immediately,5000-10000 /Month,Search Engine Optimization (SEO)
12,1 Feb'20,Helper4U Services LLP,6 Months,/internship/detail/digital-marketing-internship-in-mumbai-at-helper4u-services-llp1579155090,Mumbai,17 Jan'20,Digital Marketing,Immediately,10000 /Month,Search Engine Optimization (SEO)
13,30 Jan'20,Clone Softech,2 Months,/internship/detail/search-engine-optimization-seo-internship-in-bhopal-at-clone-softech1579166334,Bhopal,16 Jan'20,Search Engine Optimization (SEO),Immediately,2000-3000 /Month,Search Engine Optimization (SEO)
14,31 Jan'20,Digital Web Arena,6 Months,/internship/detail/search-engine-optimization-seo-internship-in-gurgaon-at-digital-web-arena1578990398,Gurgaon,16 Jan'20,Search Engine Optimization (SEO),Immediately,10000 /Month,Search Engine Optimization (SEO)
15,30 Jan'20,Myinfopie,6 Months,/internship/detail/search-engine-optimization-seo-internship-in-vadodara-at-myinfopie1579162347,Vadodara,16 Jan'20,Search Engine Optimization (SEO),Immediately,8000-16000 /Month,Search Engine Optimization (SEO)
16,31 Jan'20,Doubtnut,2 Months,/internship/detail/search-engine-optimization-youtube-internship-in-gurgaon-at-doubtnut1579092153,Gurgaon,16 Jan'20,Search Engine Optimization (YouTube),Immediately,15000 /Month,Search Engine Optimization (SEO)
17,31 Jan'20,Spirit Animal,1 Month,/internship/detail/content-writing-work-from-home-job-internship-at-spirit-animal1579075402,Work From Home,16 Jan'20,Content Writing,Immediately,5000 /Month,Search Engine Optimization (SEO)
18,31 Jan'20,MednLaw,6 Months,/internship/detail/digital-marketing-internship-in-delhi-at-mednlaw1579087329,Delhi,16 Jan'20,Digital Marketing,Immediately,5000-7000 /Month,Search Engine Optimization (SEO)
19,30 Jan'20,La Polo,2 Months,/internship/detail/search-engine-optimization-seo-internship-in-delhi-at-la-polo1579155340,Delhi,16 Jan'20,Search Engine Optimization (SEO),Immediately,5000 /Month,Search Engine Optimization (SEO)
20,31 Jan'20,Champions Group,3 Months,/internship/detail/digital-marketing-part-time-job-internship-at-bangalore-in-champions-group1579013452,Bangalore,16 Jan'20,Digital Marketing,Immediately,2000 /Month,Search Engine Optimization (SEO)
21,30 Jan'20,IHC TOURISM,2 Months,/internship/detail/digital-marketing-internship-in-hyderabad-at-ihc-tourism1579004233,Hyderabad,15 Jan'20,Digital Marketing,Immediately,7000 /Month,Search Engine Optimization (SEO)
22,20 Feb'20,GIFOLA,3 Months,/internship/detail/digital-marketing-internship-in-gurgaon-at-gifola1579004182,Gurgaon,15 Jan'20,Digital Marketing,Immediately,15000 /Month,Search Engine Optimization (SEO)
23,30 Jan'20,RBollywood,3 Months,/internship/detail/content-writing-part-time-job-internship-at-jaipur-in-rbollywood1579093966,Jaipur,15 Jan'20,Content Writing,Immediately,4000-7000 /Month,Search Engine Optimization (SEO)
24,30 Jan'20,Kunduz Incorporation,6 Months,/internship/detail/seo-and-aso-internship-in-mumbai-at-kunduz-incorporation1579083950,Mumbai,15 Jan'20,SEO And ASO,Immediately,15000-20000 /Month,Search Engine Optimization (SEO)
25,30 Jan'20,McCoy Soudal Sealants Adhesives & Foams Private Limited,3 Months,/internship/detail/digital-marketing-internship-in-delhi-at-mccoy-soudal-sealants-adhesives-foams-private-limited1578903078,Delhi,15 Jan'20,Digital Marketing,Immediately,7000 /Month,Search Engine Optimization (SEO)
26,30 Jan'20,Spyne,3 Months,/internship/detail/digital-marketing-seo-internship-in-gurgaon-at-spyne1578906741,Gurgaon,15 Jan'20,Digital Marketing - SEO,Immediately,12000-15000 /Month,Search Engine Optimization (SEO)
27,28 Jan'20,Qraftkart Online Store,6 Months,/internship/detail/search-engine-optimization-seo-internship-in-noida-at-qraftkart-online-store1579017037,Noida,14 Jan'20,Search Engine Optimization (SEO),Immediately,5000-8000 /Month,Search Engine Optimization (SEO)
28,29 Jan'20,Irvine Infocom Private Limited,2 Months,/internship/detail/digital-marketing-internship-in-kolkata-new-town-at-irvine-infocom-private-limited1578897936,Kolkata,14 Jan'20,Digital Marketing,Immediately,4000 /Month,Search Engine Optimization (SEO)
29,29 Jan'20,Offerpoles,3 Months,/internship/detail/social-media-marketing-work-from-home-job-internship-at-offerpoles1578897650,Work From Home,14 Jan'20,Social Media Marketing,Immediately,2000 /Month,Search Engine Optimization (SEO)
30,28 Jan'20,Avaptech,6 Months,/internship/detail/search-engine-optimization-seo-internship-in-mohali-at-avaptech1579003285,Mohali,14 Jan'20,Search Engine Optimization (SEO),Immediately,5000-6000 /Month,Search Engine Optimization (SEO)
31,29 Jan'20,Deebaco,6 Months,/internship/detail/content-writing-internship-in-noida-at-deebaco1578896227,Noida,14 Jan'20,Content Writing,Immediately,5000-10000 /Month,Search Engine Optimization (SEO)
32,29 Jan'20,E-Trio Automobiles India Private Limited,3 Months,/internship/detail/digital-marketing-internship-in-delhi-at-e-trio-automobiles-india-private-limited1578895928,Delhi,14 Jan'20,Digital Marketing,Immediately,10000 /Month,Search Engine Optimization (SEO)
33,29 Jan'20,DataTrained,4 Months,/internship/detail/digital-marketing-internship-in-noida-at-datatrained1578894081,Noida,14 Jan'20,Digital Marketing,Immediately,5000 /Month,Search Engine Optimization (SEO)
34,29 Jan'20,Fantasy House,6 Months,/internship/detail/seo-content-writing-sports-work-from-home-job-internship-at-fantasy-house1578998246,Work From Home,14 Jan'20,SEO Content Writing (Sports),Immediately,10000 /Month,Search Engine Optimization (SEO)
35,29 Jan'20,Trendbuz Studio,3 Months,/internship/detail/search-engine-optimization-seo-internship-in-ghaziabad-at-trendbuz-studio1578650837,Ghaziabad,14 Jan'20,Search Engine Optimization (SEO),Immediately,5000 /Month,Search Engine Optimization (SEO)
36,29 Jan'20,Doubtnut,2 Months,/internship/detail/search-engine-optimization-youtube-part-time-job-internship-at-gurgaon-in-doubtnut1578978919,Gurgaon,14 Jan'20,Search Engine Optimization (YouTube),Immediately,15000 /Month,Search Engine Optimization (SEO)
37,29 Jan'20,Mobisium,6 Months,/internship/detail/digital-marketing-sales-internship-in-mumbai-at-mobisium1578896381,Mumbai,14 Jan'20,Digital Marketing & Sales,Immediately,9000 /Month +  Incentives,Search Engine Optimization (SEO)
38,27 Jan'20,Host2Unlimited,5 Months,/internship/detail/search-engine-optimization-seo-internship-in-mumbai-at-host2unlimited1578925235,Mumbai,13 Jan'20,Search Engine Optimization (SEO),Immediately,6000-12000 /Month,Search Engine Optimization (SEO)
39,27 Jan'20,K21 Academy,6 Months,/internship/detail/search-engine-optimization-seo-part-time-job-internship-at-jaipur-in-k21-academy1578913986,Jaipur,13 Jan'20,Search Engine Optimization (SEO),Immediately,7000 /Month,Search Engine Optimization (SEO)
40,19 Feb'20,MAYAPURI GROUP,3 Months,/internship/detail/search-engine-optimization-seo-internship-in-delhi-at-mayapuri-group1579074213,Delhi,15 Jan'20,Search Engine Optimization (SEO),Immediately,5000 /Month,Search Engine Optimization (SEO)
41,25 Jan'20,Viacom India LLP,2 Months,/internship/detail/search-engine-optimization-seo-internship-in-delhi-gurgaon-at-viacom-india-llp1577202052,Delhi,30 Dec'19,Search Engine Optimization (SEO),Immediately,3000-5000 /Month,Search Engine Optimization (SEO)
42,1 Feb'20,ClickRetina,3 Months,/internship/detail/search-engine-optimization-seo-internship-in-lucknow-at-clickretina1579340437,Lucknow,18 Jan'20,Search Engine Optimization (SEO),Immediately,3000-5000 /Month,Search Engine Optimization (SEO)
43,2 Feb'20,Registration Arena,6 Months,/internship/detail/content-writing-internship-in-kasarwadi-at-registration-arena1579179203,Kasarwadi,18 Jan'20,Content Writing,Immediately,6000-10000 /Month,Search Engine Optimization (SEO)
44,2 Feb'20,Easofy.com,6 Months,/internship/detail/search-engine-optimization-seo-internship-in-noida-at-easofycom1579329024,Noida,18 Jan'20,Search Engine Optimization (SEO),Immediately,5000-7000 /Month,Search Engine Optimization (SEO)
45,1 Feb'20,Chargemiles Technology Private Limited,6 Months,/internship/detail/digital-marketing-seo-smm-part-time-job-internship-at-bangalore-in-chargemiles-technology-private-limited1579325834,Bangalore,18 Jan'20,Digital Marketing & SEO/SMM,Immediately,8000-12000 /Month,Search Engine Optimization (SEO)
46,2 Feb'20,LAABHAM Technologies Private Limited,2 Months,/internship/detail/digital-marketing-internship-in-indore-at-laabham-technologies-private-limited1579305780,Indore,18 Jan'20,Digital Marketing,Immediately,2000 /Month,Search Engine Optimization (SEO)
47,2 Feb'20,Carnivents,3 Months,/internship/detail/digital-marketing-internship-in-hyderabad-at-carnivents1579169157,Hyderabad,18 Jan'20,Digital Marketing,Immediately,8000 /Month,Search Engine Optimization (SEO)
48,2 Feb'20,Aemorio,3 Months,/internship/detail/search-engine-optimization-seo-internship-in-jaipur-at-aemorio1579299609,Jaipur,18 Jan'20,Search Engine Optimization (SEO),Immediately,2000 /Month,Search Engine Optimization (SEO)
49,31 Jan'20,Mintlogix Solutions Private Limited,6 Months,/internship/detail/search-engine-optimization-seo-internship-in-noida-at-mintlogix-solutions-private-limited1579267378,Noida,17 Jan'20,Search Engine Optimization (SEO),Immediately,3000-5000 /Month,Search Engine Optimization (SEO)
50,31 Jan'20,Hobotreks,2 Months,/internship/detail/search-engine-optimization-seo-work-from-home-job-internship-at-hobotreks1579256194,Work From Home,17 Jan'20,Search Engine Optimization (SEO),Immediately,2500 /Month,Search Engine Optimization (SEO)
51,31 Jan'20,Chargemiles Technology Private Limited,6 Months,/internship/detail/digital-marketing-seo-smm-part-time-job-internship-at-mumbai-in-chargemiles-technology-private-limited1579252129,Mumbai,17 Jan'20,Digital Marketing & SEO/SMM,Immediately,5000-10000 /Month,Search Engine Optimization (SEO)
52,1 Feb'20,Helper4U Services LLP,6 Months,/internship/detail/digital-marketing-internship-in-mumbai-at-helper4u-services-llp1579155090,Mumbai,17 Jan'20,Digital Marketing,Immediately,10000 /Month,Search Engine Optimization (SEO)
53,30 Jan'20,Clone Softech,2 Months,/internship/detail/search-engine-optimization-seo-internship-in-bhopal-at-clone-softech1579166334,Bhopal,16 Jan'20,Search Engine Optimization (SEO),Immediately,2000-3000 /Month,Search Engine Optimization (SEO)
54,31 Jan'20,Digital Web Arena,6 Months,/internship/detail/search-engine-optimization-seo-internship-in-gurgaon-at-digital-web-arena1578990398,Gurgaon,16 Jan'20,Search Engine Optimization (SEO),Immediately,10000 /Month,Search Engine Optimization (SEO)
55,30 Jan'20,Myinfopie,6 Months,/internship/detail/search-engine-optimization-seo-internship-in-vadodara-at-myinfopie1579162347,Vadodara,16 Jan'20,Search Engine Optimization (SEO),Immediately,8000-16000 /Month,Search Engine Optimization (SEO)
56,31 Jan'20,Doubtnut,2 Months,/internship/detail/search-engine-optimization-youtube-internship-in-gurgaon-at-doubtnut1579092153,Gurgaon,16 Jan'20,Search Engine Optimization (YouTube),Immediately,15000 /Month,Search Engine Optimization (SEO)
57,31 Jan'20,Spirit Animal,1 Month,/internship/detail/content-writing-work-from-home-job-internship-at-spirit-animal1579075402,Work From Home,16 Jan'20,Content Writing,Immediately,5000 /Month,Search Engine Optimization (SEO)
58,31 Jan'20,MednLaw,6 Months,/internship/detail/digital-marketing-internship-in-delhi-at-mednlaw1579087329,Delhi,16 Jan'20,Digital Marketing,Immediately,5000-7000 /Month,Search Engine Optimization (SEO)
59,30 Jan'20,La Polo,2 Months,/internship/detail/search-engine-optimization-seo-internship-in-delhi-at-la-polo1579155340,Delhi,16 Jan'20,Search Engine Optimization (SEO),Immediately,5000 /Month,Search Engine Optimization (SEO)
60,31 Jan'20,Champions Group,3 Months,/internship/detail/digital-marketing-part-time-job-internship-at-bangalore-in-champions-group1579013452,Bangalore,16 Jan'20,Digital Marketing,Immediately,2000 /Month,Search Engine Optimization (SEO)
61,30 Jan'20,IHC TOURISM,2 Months,/internship/detail/digital-marketing-internship-in-hyderabad-at-ihc-tourism1579004233,Hyderabad,15 Jan'20,Digital Marketing,Immediately,7000 /Month,Search Engine Optimization (SEO)
62,20 Feb'20,GIFOLA,3 Months,/internship/detail/digital-marketing-internship-in-gurgaon-at-gifola1579004182,Gurgaon,15 Jan'20,Digital Marketing,Immediately,15000 /Month,Search Engine Optimization (SEO)
63,30 Jan'20,RBollywood,3 Months,/internship/detail/content-writing-part-time-job-internship-at-jaipur-in-rbollywood1579093966,Jaipur,15 Jan'20,Content Writing,Immediately,4000-7000 /Month,Search Engine Optimization (SEO)
64,30 Jan'20,Kunduz Incorporation,6 Months,/internship/detail/seo-and-aso-internship-in-mumbai-at-kunduz-incorporation1579083950,Mumbai,15 Jan'20,SEO And ASO,Immediately,15000-20000 /Month,Search Engine Optimization (SEO)
65,30 Jan'20,McCoy Soudal Sealants Adhesives & Foams Private Limited,3 Months,/internship/detail/digital-marketing-internship-in-delhi-at-mccoy-soudal-sealants-adhesives-foams-private-limited1578903078,Delhi,15 Jan'20,Digital Marketing,Immediately,7000 /Month,Search Engine Optimization (SEO)
66,30 Jan'20,Spyne,3 Months,/internship/detail/digital-marketing-seo-internship-in-gurgaon-at-spyne1578906741,Gurgaon,15 Jan'20,Digital Marketing - SEO,Immediately,12000-15000 /Month,Search Engine Optimization (SEO)
67,28 Jan'20,Qraftkart Online Store,6 Months,/internship/detail/search-engine-optimization-seo-internship-in-noida-at-qraftkart-online-store1579017037,Noida,14 Jan'20,Search Engine Optimization (SEO),Immediately,5000-8000 /Month,Search Engine Optimization (SEO)
68,29 Jan'20,Irvine Infocom Private Limited,2 Months,/internship/detail/digital-marketing-internship-in-kolkata-new-town-at-irvine-infocom-private-limited1578897936,Kolkata,14 Jan'20,Digital Marketing,Immediately,4000 /Month,Search Engine Optimization (SEO)
69,29 Jan'20,Offerpoles,3 Months,/internship/detail/social-media-marketing-work-from-home-job-internship-at-offerpoles1578897650,Work From Home,14 Jan'20,Social Media Marketing,Immediately,2000 /Month,Search Engine Optimization (SEO)
70,28 Jan'20,Avaptech,6 Months,/internship/detail/search-engine-optimization-seo-internship-in-mohali-at-avaptech1579003285,Mohali,14 Jan'20,Search Engine Optimization (SEO),Immediately,5000-6000 /Month,Search Engine Optimization (SEO)
71,29 Jan'20,Deebaco,6 Months,/internship/detail/content-writing-internship-in-noida-at-deebaco1578896227,Noida,14 Jan'20,Content Writing,Immediately,5000-10000 /Month,Search Engine Optimization (SEO)
72,29 Jan'20,E-Trio Automobiles India Private Limited,3 Months,/internship/detail/digital-marketing-internship-in-delhi-at-e-trio-automobiles-india-private-limited1578895928,Delhi,14 Jan'20,Digital Marketing,Immediately,10000 /Month,Search Engine Optimization (SEO)
73,29 Jan'20,DataTrained,4 Months,/internship/detail/digital-marketing-internship-in-noida-at-datatrained1578894081,Noida,14 Jan'20,Digital Marketing,Immediately,5000 /Month,Search Engine Optimization (SEO)
74,29 Jan'20,Fantasy House,6 Months,/internship/detail/seo-content-writing-sports-work-from-home-job-internship-at-fantasy-house1578998246,Work From Home,14 Jan'20,SEO Content Writing (Sports),Immediately,10000 /Month,Search Engine Optimization (SEO)
75,29 Jan'20,Trendbuz Studio,3 Months,/internship/detail/search-engine-optimization-seo-internship-in-ghaziabad-at-trendbuz-studio1578650837,Ghaziabad,14 Jan'20,Search Engine Optimization (SEO),Immediately,5000 /Month,Search Engine Optimization (SEO)
76,29 Jan'20,Doubtnut,2 Months,/internship/detail/search-engine-optimization-youtube-part-time-job-internship-at-gurgaon-in-doubtnut1578978919,Gurgaon,14 Jan'20,Search Engine Optimization (YouTube),Immediately,15000 /Month,Search Engine Optimization (SEO)
77,29 Jan'20,Mobisium,6 Months,/internship/detail/digital-marketing-sales-internship-in-mumbai-at-mobisium1578896381,Mumbai,14 Jan'20,Digital Marketing & Sales,Immediately,9000 /Month +  Incentives,Search Engine Optimization (SEO)
78,27 Jan'20,Host2Unlimited,5 Months,/internship/detail/search-engine-optimization-seo-internship-in-mumbai-at-host2unlimited1578925235,Mumbai,13 Jan'20,Search Engine Optimization (SEO),Immediately,6000-12000 /Month,Search Engine Optimization (SEO)
79,27 Jan'20,K21 Academy,6 Months,/internship/detail/search-engine-optimization-seo-part-time-job-internship-at-jaipur-in-k21-academy1578913986,Jaipur,13 Jan'20,Search Engine Optimization (SEO),Immediately,7000 /Month,Search Engine Optimization (SEO)
80,27 Jan'20,Impulse Digital,3 Months,/internship/detail/search-engine-optimization-seo-internship-in-thane-at-impulse-digital1578910818,Thane,13 Jan'20,Search Engine Optimization (SEO),Immediately,6000 /Month,Search Engine Optimization (SEO)
81,28 Jan'20,Sociodigi,3 Months,/internship/detail/digital-marketing-internship-in-indore-at-sociodigi1578910677,Indore,13 Jan'20,Digital Marketing,Immediately,5000 /Month,Search Engine Optimization (SEO)
82,28 Jan'20,RankerZ Media,2 Months,/internship/detail/digital-marketing-part-time-job-internship-at-navi-mumbai-in-rankerz-media1578482552,Navi Mumbai,13 Jan'20,Digital Marketing,Immediately,3000-4000 /Month,Search Engine Optimization (SEO)
83,28 Jan'20,Jagoinvestor.com,2 Months,/internship/detail/search-engine-optimization-seo-part-time-job-internship-at-pune-in-jagoinvestorcom1578653563,Pune,13 Jan'20,Search Engine Optimization (SEO),Immediately,10000 Lump-Sum,Search Engine Optimization (SEO)
84,28 Jan'20,Augray Private Limited,6 Months,/internship/detail/search-engine-optimization-seo-internship-in-chennai-at-augray-private-limited1578898533,Chennai,13 Jan'20,Search Engine Optimization (SEO),Immediately,10000 /Month,Search Engine Optimization (SEO)
85,28 Jan'20,Unions App,3 Months,/internship/detail/search-engine-optimization-seo-part-time-job-internship-at-jaipur-in-unions-app1578897174,Jaipur,13 Jan'20,Search Engine Optimization (SEO),Immediately,5000-10000 /Month,Search Engine Optimization (SEO)
86,28 Jan'20,Sabhi Digital,2 Months,/internship/detail/search-engine-optimization-seo-internship-in-jodhpur-at-sabhi-digital1578646478,Jodhpur,13 Jan'20,Search Engine Optimization (SEO),Immediately,10000 /Month,Search Engine Optimization (SEO)
87,28 Jan'20,RedRock DigiMark,3 Months,/internship/detail/digital-marketing-internship-in-delhi-at-redrock-digimark1578284501,Delhi,13 Jan'20,Digital Marketing,Immediately,8000 /Month,Search Engine Optimization (SEO)
88,28 Jan'20,AquGen Technologies Private Limited,6 Months,/internship/detail/search-engine-optimization-seo-internship-in-delhi-at-aqugen-technologies-private-limited1578630739,Delhi,13 Jan'20,Search Engine Optimization (SEO),Immediately,5000-10000 /Month,Search Engine Optimization (SEO)
89,27 Jan'20,BotBakery Digital Marketing Studio,6 Months,/internship/detail/seo-specialist-internship-in-pune-at-botbakery-digital-marketing-studio1578892605,Pune,13 Jan'20,SEO Specialist,Immediately,8000-16000 /Month,Search Engine Optimization (SEO)
90,28 Jan'20,Gingko Greens,1 Month,/internship/detail/wordpress-search-engine-optimization-work-from-home-job-internship-at-gingko-greens1578891425,Work From Home,13 Jan'20,WordPress & Search Engine Optimization,Immediately,2000-4000 /Month,Search Engine Optimization (SEO)
91,26 Jan'20,Digitonic Media Labs,3 Months,/internship/detail/search-engine-optimization-seo-work-from-home-job-internship-at-digitonic-media-labs1578853015,Work From Home,12 Jan'20,Search Engine Optimization (SEO),Immediately,4000 /Month,Search Engine Optimization (SEO)
92,26 Jan'20,Expanrr,3 Months,/internship/detail/web-content-publishing-work-from-home-job-internship-at-expanrr1578838925,Work From Home,12 Jan'20,Web Content Publishing,Immediately,2000-6000 /Month,Search Engine Optimization (SEO)
93,26 Jan'20,Digi Elephant,3 Months,/internship/detail/search-engine-optimization-seo-internship-in-gandhinagar-ahmedabad-at-digi-elephant1578833008,Gandhinagar,12 Jan'20,Search Engine Optimization (SEO),Immediately,8000-14000 /Month,Search Engine Optimization (SEO)
94,26 Jan'20,PlanyrTrip,4 Months,/internship/detail/search-engine-optimization-seo-internship-in-delhi-at-planyrtrip1578825699,Delhi,12 Jan'20,Search Engine Optimization (SEO),Immediately,6000 /Month,Search Engine Optimization (SEO)
95,27 Jan'20,B&H Entertainment India Private Limited,6 Months,/internship/detail/digital-marketing-internship-in-mumbai-borivali-at-b-h-entertainment-india-private-limited1578561509,Mumbai,12 Jan'20,Digital Marketing,Immediately,3000-6000 /Month,Search Engine Optimization (SEO)
96,27 Jan'20,Trank Technologies,6 Months,/internship/detail/digital-marketing-internship-in-delhi-at-trank-technologies1578559250,Delhi,12 Jan'20,Digital Marketing,Immediately,4000-6000 /Month,Search Engine Optimization (SEO)
97,25 Jan'20,Ank Digital Media,6 Months,/internship/detail/search-engine-optimization-seo-internship-in-delhi-at-ank-digital-media1578741459,Delhi,11 Jan'20,Search Engine Optimization (SEO),Immediately,5000-10000 /Month,Search Engine Optimization (SEO)
98,25 Jan'20,Brannia,6 Months,/internship/detail/digital-marketing-internship-in-noida-at-brannia1578399067,Noida,10 Jan'20,Digital Marketing,Immediately,5000 /Month,Search Engine Optimization (SEO)
99,24 Jan'20,WebSenor InfoTech,3 Months,/internship/detail/search-engine-optimization-seo-internship-in-udaipur-at-websenor-infotech1578646807,Udaipur,10 Jan'20,Search Engine Optimization (SEO),Immediately,3000-6000 /Month,Search Engine Optimization (SEO)
100,24 Jan'20,Stellarix Consultancy Services Private Limited,6 Months,/internship/detail/data-operator-internship-in-jaipur-at-stellarix-consultancy-services-private-limited1578644813,Jaipur,10 Jan'20,Data Operator,Immediately,8000 /Month,Search Engine Optimization (SEO)
101,24 Jan'20,Fourty60 Technologies,3 Months,/internship/detail/search-engine-optimization-seo-internship-in-mumbai-at-fourty60-technologies1578640964,Mumbai,10 Jan'20,Search Engine Optimization (SEO),Immediately,3000-8000 /Month,Search Engine Optimization (SEO)
102,24 Jan'20,SlideUpLift,6 Months,/internship/detail/search-engine-optimization-seo-part-time-job-internship-at-pune-in-slideuplift1578634430,Pune,10 Jan'20,Search Engine Optimization (SEO),Immediately,8000 /Month,Search Engine Optimization (SEO)
103,24 Jan'20,Quint Digital,3 Months,/internship/detail/search-engine-optimization-seo-internship-in-mumbai-malad-at-quint-digital1578634205,Mumbai,10 Jan'20,Search Engine Optimization (SEO),Immediately,7000-12000 /Month,Search Engine Optimization (SEO)
104,25 Jan'20,AquGen Technologies Private Limited,6 Months,/internship/detail/search-engine-optimization-seo-internship-in-delhi-at-aqugen-technologies-private-limited1578483573,Delhi,10 Jan'20,Search Engine Optimization (SEO),Immediately,5000-10000 /Month,Search Engine Optimization (SEO)
105,25 Jan'20,First Sight Media,5 Months,/internship/detail/search-engine-optimization-seo-internship-in-mumbai-mira-bhayandar-at-first-sight-media1578631782,Mumbai,10 Jan'20,Search Engine Optimization (SEO),Immediately,8000 /Month,Search Engine Optimization (SEO)
106,24 Jan'20,Techcanvass,6 Months,/internship/detail/search-engine-optimization-seo-internship-in-mumbai-at-techcanvass1578395199,Mumbai,9 Jan'20,Search Engine Optimization (SEO),Immediately,20000 /Month,Search Engine Optimization (SEO)
107,24 Jan'20,Teabox,3 Months,/internship/detail/content-development-part-time-job-internship-at-bangalore-in-teabox1578470424,Bangalore,9 Jan'20,Content Development,Immediately,5000 /Month,Search Engine Optimization (SEO)
108,24 Jan'20,MSG Toons,3 Months,/internship/detail/wordpress-and-seo-internship-in-delhi-at-msg-toons1578567273,Delhi,9 Jan'20,WordPress And SEO,Immediately,5000 /Month,Search Engine Optimization (SEO)
109,24 Jan'20,Lalimber,2 Months,/internship/detail/digital-marketing-seo-search-engine-optimization-work-from-home-job-internship-at-lalimber1578567098,Work From Home,9 Jan'20,Digital Marketing SEO (Search Engine Optimization),Immediately,2000 /Month,Search Engine Optimization (SEO)
110,23 Jan'20,Hustle,1 Month,/internship/detail/search-engine-optimization-seo-work-from-home-job-internship-at-hustle1578564644,Work From Home,9 Jan'20,Search Engine Optimization (SEO),Immediately,1000 /Month,Search Engine Optimization (SEO)
111,24 Jan'20,InnoServ Digital,3 Months,/internship/detail/search-engine-marketing-internship-in-bangalore-at-innoserv-digital1578480353,Bangalore,9 Jan'20,Search Engine Marketing,Immediately,8000-10000 /Month,Search Engine Optimization (SEO)
112,24 Jan'20,IndianMesh Private Limited,3 Months,/internship/detail/digital-marketing-internship-in-zirakpur-at-indianmesh-private-limited1578556836,Zirakpur,9 Jan'20,Digital Marketing,Immediately,4000 /Month,Search Engine Optimization (SEO)
113,24 Jan'20,IndianMesh Private Limited,3 Months,/internship/detail/search-engine-optimization-seo-internship-in-zirakpur-at-indianmesh-private-limited1578561242,Zirakpur,9 Jan'20,Search Engine Optimization (SEO),Immediately,4000 /Month,Search Engine Optimization (SEO)
114,23 Jan'20,Breakout,6 Months,/internship/detail/search-engine-optimization-seo-internship-in-bangalore-at-breakout1578556333,Bangalore,9 Jan'20,Search Engine Optimization (SEO),Immediately,8000-12000 /Month,Search Engine Optimization (SEO)
115,23 Jan'20,Walnut Folks,6 Months,/internship/detail/search-engine-optimization-seo-internship-in-nagpur-at-walnut-folks1578550710,Nagpur,9 Jan'20,Search Engine Optimization (SEO),Immediately,5000 /Month,Search Engine Optimization (SEO)
116,10 Feb'20,LopScoop,6 Months,/internship/detail/social-media-executive-internship-in-noida-at-lopscoop1578547431,Noida,9 Jan'20,Social Media Executive,Immediately,10000-18000 /Month,Search Engine Optimization (SEO)
117,31 Jan'20,Conceptualise,6 Months,/internship/detail/search-engine-optimization-seo-internship-in-gurgaon-at-conceptualise1578481897,Gurgaon,8 Jan'20,Search Engine Optimization (SEO),Immediately,7000 /Month,Search Engine Optimization (SEO)
118,22 Jan'20,We Love Digital Marketing,2 Months,/internship/detail/digital-marketing-seo-work-from-home-job-internship-at-we-love-digital-marketing1578471641,Work From Home,8 Jan'20,Digital Marketing & SEO,Immediately,1000 /Month,Search Engine Optimization (SEO)
119,23 Jan'20,HO Digital,3 Months,/internship/detail/search-engine-optimization-seo-internship-in-gurgaon-at-ho-digital1578315302,Gurgaon,8 Jan'20,Search Engine Optimization (SEO),Immediately,7000 Lump-Sum,Search Engine Optimization (SEO)
120,23 Jan'20,Khyatishield Ventures Private Limited,2 Months,/internship/detail/search-engine-optimization-seo-work-from-home-job-internship-at-khyatishield-ventures-private-limited1578452426,Work From Home,8 Jan'20,Search Engine Optimization (SEO),Immediately,3000-8000 /Month,Search Engine Optimization (SEO)
121,21 Jan'20,RCWISE TECHNOLOGIES LLP,2 Months,/internship/detail/content-research-online-work-from-home-job-internship-at-rcwise-technologies-llp1578408903,Work From Home,7 Jan'20,Content Research (Online),Immediately,1000 /Month,Search Engine Optimization (SEO)
122,22 Jan'20,Risovation,6 Months,/internship/detail/search-engine-optimization-seo-internship-in-jaipur-at-risovation1578304305,Jaipur,7 Jan'20,Search Engine Optimization (SEO),Immediately,3000-7000 /Month,Search Engine Optimization (SEO)
123,21 Jan'20,Career Ninja,3 Months,/internship/detail/search-engine-optimization-seo-internship-in-mumbai-at-career-ninja1578395792,Mumbai,7 Jan'20,Search Engine Optimization (SEO),Immediately,5000 /Week,Search Engine Optimization (SEO)
124,22 Jan'20,Vidooly,3 Months,/internship/detail/content-writing-marathi-work-from-home-job-internship-at-vidooly1578395625,Work From Home,7 Jan'20,Content Writing (Marathi),Immediately,8000-10000 /Month,Search Engine Optimization (SEO)
125,21 Jan'20,Spinnaker LLC,3 Months,/internship/detail/search-engine-optimization-seo-internship-in-mumbai-at-spinnaker-llc1578382492,Mumbai,7 Jan'20,Search Engine Optimization (SEO),Immediately,16000 /Month,Search Engine Optimization (SEO)
126,21 Jan'20,Clicks Bazaar Technologies Private Limited,3 Months,/internship/detail/search-engine-optimization-seo-internship-in-delhi-at-clicks-bazaar-technologies-private-limited1578378282,Delhi,7 Jan'20,Search Engine Optimization (SEO),Immediately,5000-10000 /Month,Search Engine Optimization (SEO)
127,22 Jan'20,LocalWire,1 Month,/internship/detail/search-engine-optimization-seo-internship-in-bhubaneswar-at-localwire1578117046,Bhubaneswar,7 Jan'20,Search Engine Optimization (SEO),Immediately,5000 /Month,Search Engine Optimization (SEO)
128,22 Jan'20,DDKUPAC Service Private Limited,2 Months,/internship/detail/digital-marketing-work-from-home-job-internship-at-ddkupac-service-private-limited1578156554,Work From Home,7 Jan'20,Digital Marketing,Immediately,1000-5000 /Month,Search Engine Optimization (SEO)
129,10 Feb'20,Sebastian Fitness Solutions,6 Months,/internship/detail/copywriting-digital-marketing-work-from-home-job-internship-at-sebastian-fitness-solutions1578325866,Work From Home,6 Jan'20,Copywriting & Digital Marketing,Immediately,5000-8000 /Month,Search Engine Optimization (SEO)
130,20 Jan'20,Vplak,2 Months,/internship/detail/search-engine-optimization-seo-internship-in-gurgaon-at-vplak1578313573,Gurgaon,6 Jan'20,Search Engine Optimization (SEO),Immediately,7000-10000 /Month,Search Engine Optimization (SEO)
131,20 Jan'20,Weboholic,3 Months,/internship/detail/search-engine-optimization-seo-internship-in-mumbai-at-weboholic1578298672,Mumbai,6 Jan'20,Search Engine Optimization (SEO),Immediately,5000 /Month,Search Engine Optimization (SEO)
132,21 Jan'20,Maven Career Coaching,3 Months,/internship/detail/sales-digital-marketing-part-time-job-internship-at-panchkula-in-maven-career-coaching1578268739,Panchkula,6 Jan'20,Sales & Digital Marketing,Immediately,6000 /Month,Search Engine Optimization (SEO)
133,19 Jan'20,Crazy For Success Foundation,2 Months,/internship/detail/search-engine-optimization-seo-work-from-home-job-internship-at-crazy-for-success-foundation1578245287,Work From Home,5 Jan'20,Search Engine Optimization (SEO),Immediately,Unpaid,Search Engine Optimization (SEO)
134,19 Jan'20,Jai Prakash Marketing Agency,6 Months,/internship/detail/search-engine-optimization-seo-work-from-home-job-internship-at-jai-prakash-marketing-agency1578180700,Work From Home,5 Jan'20,Search Engine Optimization (SEO),Immediately,10000 /Month,Search Engine Optimization (SEO)
135,19 Jan'20,Webscale Networks,3 Months,/internship/detail/digital-marketing-internship-in-bangalore-at-webscale-networks1577975836,Bangalore,4 Jan'20,Digital Marketing,Immediately,10000 /Month,Search Engine Optimization (SEO)
136,31 Jan'20,Awrange Digital Solutions LLP,3 Months,/internship/detail/search-engine-optimization-seo-internship-in-pune-at-awrange-digital-solutions-llp1578051235,Pune,3 Jan'20,Search Engine Optimization (SEO),Immediately,4000-5000 /Month,Search Engine Optimization (SEO)
137,30 Jan'20,Exxpertscm,3 Months,/internship/detail/digital-marketing-internship-in-bangalore-at-exxpertscm1577969624,Bangalore,3 Jan'20,Digital Marketing,Immediately,10000 /Month,Search Engine Optimization (SEO)
138,18 Jan'20,CertCube,2 Months,/internship/detail/search-engine-optimization-seo-internship-in-delhi-at-certcube1577952664,Delhi,3 Jan'20,Search Engine Optimization (SEO),Immediately,2000 /Month,Search Engine Optimization (SEO)
139,31 Jan'20,Arobit Business Solutions Private Limited,6 Months,/internship/detail/search-engine-optimization-seo-internship-in-kolkata-at-arobit-business-solutions-private-limited1578026208,Kolkata,3 Jan'20,Search Engine Optimization (SEO),Immediately,5000-6000 /Month,Search Engine Optimization (SEO)
140,31 Jan'20,Water International,3 Months,/internship/detail/search-engine-optimization-seo-internship-in-mumbai-at-water-international1577950217,Mumbai,2 Jan'20,Search Engine Optimization (SEO),Immediately,8000-10000 /Month,Search Engine Optimization (SEO)
141,31 Jan'20,Neha Agarwal,6 Months,/internship/detail/search-engine-optimization-seo-internship-in-gurgaon-at-neha-agarwal1577601680,Gurgaon,30 Dec'19,Search Engine Optimization (SEO),Immediately,5000-8000 /Month,Search Engine Optimization (SEO)
142,31 Jan'20,UA Vision Private Limited,3 Months,/internship/detail/digital-marketing-internship-in-hyderabad-at-ua-vision-private-limited1577518972,Hyderabad,30 Dec'19,Digital Marketing,Immediately,5000-10000 /Month,Search Engine Optimization (SEO)
143,31 Jan'20,QVersity Incorporation,3 Months,/internship/detail/search-engine-optimization-seo-internship-in-multiple-locations-at-qversity-incorporation1577445764,Noida,27 Dec'19,Search Engine Optimization (SEO),Immediately,8000-15000 /Month,Search Engine Optimization (SEO)
144,29 Jan'20,RCWISE TECHNOLOGIES LLP,2 Months,/internship/detail/search-engine-optimization-seo-work-from-home-job-internship-at-rcwise-technologies-llp1577257000,Work From Home,25 Dec'19,Search Engine Optimization (SEO),Immediately,1000 /Month,Search Engine Optimization (SEO)
145,20 Jan'20,Mercury Solutions Limited,6 Months,/internship/detail/search-engine-optimization-seo-internship-in-gurgaon-at-mercury-solutions-limited1577092302,Gurgaon,23 Dec'19,Search Engine Optimization (SEO),Immediately,5000 /Month,Search Engine Optimization (SEO)
146,26 Jan'20,InnOvator Web Solutions Private Limited,6 Months,/internship/detail/content-writing-internship-in-mumbai-malad-at-innovator-web-solutions-private-limited1576868051,Mumbai,21 Dec'19,Content Writing,Immediately,5000-10000 /Month,Search Engine Optimization (SEO)
147,24 Jan'20,Womenite,3 Months,/internship/detail/search-engine-optimization-seo-work-from-home-job-internship-at-womenite1576827730,Work From Home,20 Dec'19,Search Engine Optimization (SEO),Immediately,Unpaid,Search Engine Optimization (SEO)
148,18 Jan'20,Rycabz Private Limited,4 Weeks,/internship/detail/digital-marketing-part-time-job-internship-at-lucknow-in-rycabz-private-limited1576771501,Lucknow,19 Dec'19,Digital Marketing,Immediately,6000-10000 /Month,Search Engine Optimization (SEO)
149,22 Jan'20,ThinkITMagic,3 Months,/internship/detail/search-engine-optimization-seo-work-from-home-job-internship-at-thinkitmagic1576682314,Work From Home,18 Dec'19,Search Engine Optimization (SEO),Immediately,1000 /Month,Search Engine Optimization (SEO)
150,21 Jan'20,Miss Audio Video,3 Months,/internship/detail/keyword-research-and-content-strategy-part-time-job-internship-at-jaipur-in-miss-audio-video1576321231,Jaipur,16 Dec'19,Keyword Research and Content Strategy,Immediately,3000 /Month,Search Engine Optimization (SEO)
151,21 Jan'20,Aviaan,6 Months,/internship/detail/digital-marketing-work-from-home-job-internship-at-aviaan1576237412,Work From Home,16 Dec'19,Digital Marketing,Immediately,5000-10000 /Month,Search Engine Optimization (SEO)
152,1 Feb'20,ClickRetina,3 Months,/internship/detail/search-engine-optimization-seo-internship-in-lucknow-at-clickretina1576221757,Lucknow,13 Dec'19,Search Engine Optimization (SEO),Immediately,3000-5000 /Month,Search Engine Optimization (SEO)
